# Blender 5.0.1
# www.blender.org
o Cube.003
v -0.123511 0.361493 -0.208385
v -0.110660 0.331461 -0.208385
v -0.110577 0.365441 -0.178038
v -0.097726 0.335409 -0.178038
v -0.121192 0.362485 -0.208385
v -0.108341 0.332454 -0.208385
v -0.108258 0.366434 -0.178038
v -0.095407 0.336402 -0.178038
v -0.153268 0.426633 -0.200909
v -0.141025 0.431978 -0.185514
v -0.152038 0.427243 -0.200909
v -0.139795 0.432587 -0.185514
v -0.190702 0.501428 -0.213088
v -0.179296 0.508463 -0.188215
v -0.188805 0.502366 -0.213088
v -0.177399 0.509402 -0.188215
v -0.201575 0.542093 -0.218600
v -0.190209 0.552158 -0.194247
v -0.199524 0.542619 -0.218600
v -0.188158 0.552684 -0.194247
v -0.208396 0.602858 -0.230032
v -0.196028 0.612029 -0.210163
v -0.206646 0.603047 -0.230032
v -0.194277 0.612218 -0.210163
v -0.204834 0.686968 -0.243084
v -0.191604 0.691783 -0.229128
v -0.203642 0.686562 -0.243084
v -0.190412 0.691377 -0.229128
v -0.190695 0.727555 -0.241841
v -0.177597 0.731982 -0.235189
v -0.190038 0.727331 -0.241841
v -0.176941 0.731758 -0.235189
v -0.173438 0.771208 -0.241679
v -0.160422 0.775277 -0.240929
v -0.173204 0.771168 -0.241684
v -0.160188 0.775237 -0.240934
v -0.161857 0.798571 -0.243552
v -0.082255 0.256993 -0.208385
v -0.069321 0.260941 -0.178038
v -0.079913 0.257930 -0.208385
v -0.066978 0.261878 -0.178038
v -0.062245 0.200706 -0.204215
v -0.049311 0.204654 -0.182207
v -0.060449 0.201254 -0.204215
v -0.047515 0.205202 -0.182207
v -0.047442 0.153230 -0.200351
v -0.034508 0.157178 -0.186072
v -0.046216 0.153604 -0.200351
v -0.033282 0.157552 -0.186072
v -0.037714 0.122620 -0.195577
v -0.024611 0.126016 -0.190845
v -0.037192 0.122780 -0.195577
v -0.024089 0.126175 -0.190845
v -0.018995 0.061561 -0.199793
v -0.005940 0.065115 -0.197080
v -0.018622 0.061675 -0.199793
v -0.005567 0.065229 -0.197080
v -0.002644 0.008081 -0.204050
v 0.010395 0.011685 -0.201981
v -0.002319 0.008180 -0.204050
v 0.010720 0.011785 -0.201981
v -0.158609 0.470801 -0.188103
v -0.170583 0.464913 -0.205760
v -0.159999 0.470112 -0.188103
v -0.171974 0.464225 -0.205760
v -0.108341 0.332454 -0.192052
v -0.123511 0.361493 -0.192052
v -0.121192 0.362485 -0.192052
v -0.110660 0.331461 -0.192052
v -0.153614 0.427332 -0.192052
v -0.152383 0.427941 -0.192052
v -0.191466 0.502971 -0.199492
v -0.189569 0.503910 -0.199492
v -0.202359 0.545152 -0.205264
v -0.200309 0.545677 -0.205264
v -0.208679 0.605469 -0.218938
v -0.206929 0.605659 -0.218938
v -0.204686 0.687402 -0.234946
v -0.203495 0.686995 -0.234946
v -0.190613 0.727795 -0.237356
v -0.189956 0.727571 -0.237356
v -0.173397 0.771268 -0.240145
v -0.173163 0.771229 -0.240149
v -0.079913 0.257930 -0.192052
v -0.082255 0.256993 -0.192052
v -0.060449 0.201254 -0.192052
v -0.062245 0.200706 -0.192052
v -0.046216 0.153604 -0.192052
v -0.047442 0.153230 -0.192052
v -0.037107 0.122504 -0.192052
v -0.037630 0.122344 -0.192052
v -0.018562 0.061478 -0.197277
v -0.018935 0.061364 -0.197277
v -0.002267 0.008009 -0.201856
v -0.002592 0.007909 -0.201856
v -0.172454 0.465194 -0.195772
v -0.171063 0.465883 -0.195772
v -0.102332 0.334288 -0.183885
v -0.117502 0.363328 -0.183885
v -0.147777 0.429515 -0.187623
v -0.185839 0.505578 -0.192694
v -0.196741 0.548515 -0.198596
v -0.202811 0.608609 -0.213391
v -0.198602 0.689453 -0.230877
v -0.184563 0.729748 -0.235113
v -0.167367 0.773133 -0.239377
v -0.073903 0.259764 -0.183885
v -0.054439 0.203089 -0.185970
v -0.040206 0.155438 -0.187902
v -0.031056 0.124200 -0.190289
v -0.012522 0.063214 -0.196019
v 0.003769 0.009757 -0.200759
v -0.166684 0.467514 -0.190778
v -0.115183 0.364320 -0.183885
v -0.104651 0.333296 -0.183885
v -0.146547 0.430124 -0.187623
v -0.183942 0.506516 -0.192694
v -0.194691 0.549041 -0.198596
v -0.201061 0.608799 -0.213391
v -0.197411 0.689047 -0.230877
v -0.183906 0.729525 -0.235113
v -0.167133 0.773093 -0.239382
v -0.076245 0.258827 -0.183885
v -0.056236 0.202540 -0.185970
v -0.041432 0.155064 -0.187902
v -0.031578 0.124040 -0.190289
v -0.012895 0.063100 -0.196019
v 0.003444 0.009658 -0.200759
v -0.165293 0.468202 -0.190778
v -0.040398 0.181377 -0.184140
v -0.041909 0.180916 -0.184140
v -0.053332 0.177429 -0.202283
v -0.054844 0.176968 -0.202283
v -0.054844 0.176968 -0.192052
v -0.053332 0.177429 -0.192052
v -0.047323 0.179263 -0.186936
v -0.048834 0.178802 -0.186936
v -0.029559 0.141597 -0.188459
v -0.042578 0.137925 -0.197964
v -0.041704 0.138192 -0.197964
v -0.028685 0.141864 -0.188459
v -0.041662 0.138054 -0.192052
v -0.042536 0.137787 -0.192052
v -0.035631 0.139819 -0.189095
v -0.036505 0.139552 -0.189095
v -0.036840 0.169464 -0.185106
v -0.049774 0.165516 -0.201317
v -0.051143 0.165099 -0.192052
v -0.049774 0.165516 -0.192052
v -0.043765 0.167351 -0.187419
v -0.045133 0.166933 -0.187419
v -0.038208 0.169047 -0.185106
v -0.051143 0.165099 -0.201317
vn 0.6490 0.2455 0.7201
vn 0.6513 0.2634 0.7116
vn 0.2826 0.0769 -0.9562
vn 0.3063 0.1236 -0.9439
vn -0.6232 -0.3213 0.7130
vn -0.6596 -0.2668 0.7026
vn -0.8486 -0.4166 -0.3262
vn -0.8753 -0.3532 -0.3304
vn 0.6561 0.3158 0.6854
vn 0.2162 0.0187 -0.9762
vn -0.6631 -0.3163 0.6784
vn -0.8654 -0.4578 -0.2036
vn 0.6355 0.3527 0.6868
vn 0.2738 0.0266 -0.9614
vn -0.6811 -0.1338 0.7199
vn -0.8894 -0.3291 -0.3172
vn 0.6876 0.2396 0.6854
vn 0.3193 -0.1348 -0.9380
vn -0.7143 -0.0221 0.6995
vn -0.9179 -0.2232 -0.3280
vn 0.7078 0.1429 0.6918
vn 0.2609 -0.2245 -0.9389
vn -0.6969 0.0924 0.7112
vn -0.9650 -0.1027 -0.2412
vn 0.7056 -0.0976 0.7018
vn 0.1308 -0.1925 -0.9725
vn -0.6377 0.1703 0.7513
vn -0.9906 0.0379 -0.1315
vn 0.6670 -0.2595 0.6984
vn -0.0279 -0.1176 -0.9927
vn -0.6664 0.2262 0.7104
vn -0.8822 -0.4419 -0.1626
vn 0.6739 -0.2571 0.6927
vn -0.0880 -0.1118 -0.9898
vn -0.6482 0.2847 0.7062
vn 0.9948 -0.0602 -0.0823
vn -0.5535 -0.8279 0.0907
vn 0.6451 0.2649 0.7168
vn 0.2779 0.1349 -0.9511
vn -0.6692 -0.2170 0.7107
vn -0.8942 -0.3037 -0.3288
vn 0.6490 0.2723 0.7104
vn 0.2144 0.1388 -0.9668
vn -0.6925 -0.1687 0.7014
vn -0.9345 -0.2501 -0.2532
vn 0.6440 0.2865 0.7094
vn 0.0782 0.1261 -0.9889
vn -0.6942 -0.1220 0.7094
vn -0.9803 -0.1517 -0.1263
vn 0.6891 0.2449 0.6820
vn -0.0573 0.0987 -0.9935
vn -0.7084 -0.1817 0.6821
vn 0.7838 0.6202 -0.0298
vn 0.6917 0.1594 0.7043
vn -0.0897 0.0675 -0.9937
vn -0.6629 -0.2540 0.7043
vn 0.9461 0.3164 -0.0694
vn 0.3976 0.6756 0.6209
vn 0.1420 -0.6719 -0.7269
vn -0.7071 0.3384 0.6209
vn 0.9496 -0.2927 -0.1124
vn -0.8970 -0.4024 -0.1832
vn -0.6855 -0.2230 0.6931
vn 0.1884 0.0512 -0.9808
vn 0.5930 0.4098 0.6931
vn -0.8774 -0.3552 0.3224
vn 0.8579 0.3740 -0.3524
vn -0.8547 -0.3807 0.3530
vn 0.8774 0.3552 -0.3224
vn 0.8268 0.3679 -0.4255
vn -0.8251 -0.3729 0.4244
vn 0.8824 0.2904 -0.3702
vn -0.8844 -0.2842 0.3702
vn 0.9296 0.1057 -0.3530
vn -0.9292 -0.1071 0.3536
vn 0.9330 -0.0474 -0.3568
vn -0.9327 0.0426 0.3582
vn 0.8955 -0.2144 -0.3900
vn -0.8965 0.2065 0.3920
vn 0.8016 -0.3351 -0.4951
vn -0.8041 0.3254 0.4975
vn 0.7282 -0.3518 -0.5881
vn -0.7304 0.3451 0.5894
vn -0.8837 -0.3237 0.3382
vn 0.8821 0.3284 -0.3377
vn -0.8774 -0.2895 0.3827
vn 0.8741 0.2995 -0.3824
vn -0.8355 -0.2615 0.4833
vn 0.8315 0.2760 -0.4822
vn -0.7541 -0.2636 0.6016
vn 0.7498 0.2730 -0.6027
vn -0.7287 -0.2772 0.6263
vn 0.7282 0.2784 -0.6263
vn -0.5958 0.7122 0.3712
vn 0.4139 0.7808 -0.4680
vn 0.8254 0.3788 -0.4186
vn -0.8291 -0.3715 0.4177
vn -0.6637 -0.2685 0.6981
vn 0.6120 0.2451 -0.7519
vn 0.5030 0.1791 -0.8455
vn 0.5969 0.1467 -0.7888
vn 0.6570 -0.0258 -0.7535
vn 0.6086 -0.1607 -0.7770
vn 0.4700 -0.2189 -0.8551
vn 0.2370 -0.1856 -0.9536
vn 0.0410 -0.1438 -0.9888
vn -0.6405 -0.2473 0.7271
vn -0.5630 -0.2147 0.7981
vn -0.3507 -0.1602 0.9227
vn -0.0954 -0.1129 0.9890
vn -0.0128 -0.0948 0.9954
vn 0.1876 -0.6482 0.7379
vn 0.4869 0.1881 -0.8530
vn -0.6100 -0.2493 0.7521
vn 0.6637 0.2685 -0.6981
vn -0.5023 -0.1832 0.8451
vn -0.5981 -0.1422 0.7887
vn -0.6567 0.0254 0.7537
vn -0.6081 0.1584 0.7779
vn -0.4689 0.2145 0.8568
vn -0.2362 0.1817 0.9546
vn -0.0409 0.1430 0.9889
vn 0.6396 0.2507 -0.7267
vn 0.5609 0.2212 -0.7978
vn 0.3494 0.1662 -0.9221
vn 0.0936 0.1149 -0.9890
vn 0.0126 0.0949 -0.9954
vn -0.2032 0.7017 -0.6829
vn -0.4890 -0.1838 0.8527
vn -0.9569 -0.2213 -0.1881
vn 0.1617 0.1206 -0.9794
vn -0.6934 -0.1499 0.7048
vn 0.6589 0.2628 0.7048
vn 0.8620 0.2774 -0.4243
vn -0.8652 -0.2670 0.4245
vn -0.4807 -0.1800 0.8582
vn 0.4789 0.1859 -0.8580
vn 0.0045 0.1344 -0.9909
vn 0.6429 0.3133 0.6989
vn -0.7083 -0.0992 0.6989
vn -0.9944 0.1027 -0.0258
vn -0.8044 -0.2561 0.5361
vn 0.7990 0.2745 -0.5351
vn -0.2286 -0.1421 0.9631
vn 0.2269 0.1477 -0.9627
vn -0.9653 -0.2137 -0.1502
vn 0.8495 0.2741 -0.4509
vn -0.8526 -0.2638 0.4510
vn -0.4250 -0.1645 0.8901
vn 0.4233 0.1697 -0.8899
vn 0.1272 0.1101 -0.9858
vt 0.292165 0.327664
vt 0.295468 0.327821
vt 0.283089 0.423279
vt 0.281181 0.423198
vt 0.246410 0.284367
vt 0.246855 0.325203
vt 0.243661 0.325205
vt 0.243179 0.284453
vt 0.218183 0.286194
vt 0.218902 0.328605
vt 0.197499 0.329388
vt 0.197134 0.286275
vt 0.198725 0.184856
vt 0.218974 0.185752
vt 0.258224 0.285098
vt 0.258485 0.326499
vt 0.295640 0.285620
vt 0.292397 0.285591
vt 0.235283 0.482563
vt 0.245897 0.481738
vt 0.245297 0.543319
vt 0.233241 0.543032
vt 0.248097 0.421699
vt 0.246205 0.421735
vt 0.232050 0.326964
vt 0.236072 0.423080
vt 0.271573 0.327624
vt 0.268835 0.423831
vt 0.244718 0.607614
vt 0.232922 0.605389
vt 0.248114 0.481749
vt 0.248293 0.543006
vt 0.284713 0.483093
vt 0.286864 0.482900
vt 0.294402 0.542422
vt 0.291402 0.542336
vt 0.270465 0.483840
vt 0.272826 0.543084
vt 0.292579 0.602446
vt 0.295640 0.602673
vt 0.291575 0.691954
vt 0.289036 0.691645
vt 0.247665 0.607396
vt 0.272844 0.603651
vt 0.233426 0.694569
vt 0.245068 0.698037
vt 0.245819 0.824543
vt 0.234982 0.819240
vt 0.272039 0.691833
vt 0.247553 0.697821
vt 0.246620 0.895222
vt 0.237313 0.888308
vt 0.247788 0.824818
vt 0.283676 0.816786
vt 0.281777 0.816877
vt 0.269517 0.815590
vt 0.273630 0.882396
vt 0.274750 0.882551
vt 0.266615 0.957263
vt 0.266278 0.957102
vt 0.247706 0.895195
vt 0.266407 0.882122
vt 0.238421 0.962228
vt 0.246936 0.966070
vt 0.249787 0.999969
vt 0.263911 0.956607
vt 0.247273 0.966062
vt 0.257229 0.185797
vt 0.245984 0.185584
vt 0.245946 0.114302
vt 0.255426 0.114112
vt 0.289721 0.184998
vt 0.292846 0.184834
vt 0.242911 0.185673
vt 0.245966 0.073436
vt 0.244535 0.073422
vt 0.244797 0.061634
vt 0.245973 0.061646
vt 0.280135 0.112381
vt 0.282354 0.111952
vt 0.243812 0.114242
vt 0.209708 0.111621
vt 0.224109 0.113076
vt 0.251415 0.047605
vt 0.245888 0.047806
vt 0.245916 0.036451
vt 0.250175 0.036383
vt 0.229187 0.071715
vt 0.219797 0.069817
vt 0.223945 0.058007
vt 0.231436 0.059838
vt 0.253522 0.073092
vt 0.252609 0.061281
vt 0.272150 0.070002
vt 0.270710 0.070461
vt 0.266716 0.058767
vt 0.267826 0.058323
vt 0.245763 0.007748
vt 0.247454 0.007691
vt 0.261795 0.045476
vt 0.261137 0.045790
vt 0.256013 0.035390
vt 0.256312 0.035278
vt 0.245231 0.047800
vt 0.245518 0.036428
vt 0.234491 0.046297
vt 0.230022 0.045087
vt 0.235539 0.035027
vt 0.237541 0.035510
vt 0.245653 0.005823
vt 0.245513 0.003132
vt 0.250249 0.006871
vt 0.250364 0.006828
vt 0.245720 0.007386
vt 0.241575 0.006522
vt 0.242320 0.006797
vt 0.245335 0.003011
vt 0.245667 0.006385
vt 0.245562 0.000696
vt 0.245803 0.000031
vt 0.245467 0.001171
vt 0.213717 0.424021
vt 0.225761 0.424367
vt 0.223987 0.483336
vt 0.209770 0.482357
vt 0.258336 0.422789
vt 0.259081 0.482832
vt 0.243883 0.007258
vt 0.245474 0.000764
vt 0.241272 0.036195
vt 0.249483 0.007150
vt 0.239715 0.047336
vt 0.253972 0.035832
vt 0.261308 0.072207
vt 0.259316 0.060369
vt 0.236977 0.072832
vt 0.238164 0.061006
vt 0.256698 0.046829
vt 0.231579 0.185816
vt 0.234323 0.113817
vt 0.271342 0.285707
vt 0.269761 0.185814
vt 0.265673 0.113618
vt 0.255688 0.960981
vt 0.220713 0.882902
vt 0.227963 0.882590
vt 0.229797 0.958601
vt 0.227384 0.959261
vt 0.257154 0.887967
vt 0.258559 0.819395
vt 0.259372 0.694238
vt 0.211377 0.816912
vt 0.223723 0.815552
vt 0.200032 0.602621
vt 0.219715 0.603840
vt 0.220739 0.692264
vt 0.203761 0.692165
vt 0.259744 0.605154
vt 0.260114 0.542944
vt 0.200956 0.541967
vt 0.220215 0.542944
vt 0.231324 0.285381
vt 0.254306 0.086027
vt 0.263066 0.085243
vt 0.235952 0.085769
vt 0.244301 0.086356
vt 0.227202 0.084746
vt 0.274368 0.083712
vt 0.276115 0.083280
vt 0.245959 0.086371
vt 0.215912 0.083024
s 1
f 1/1/1 5/2/5 11/3/11 9/4/9
f 4/5/4 3/6/3 7/7/7 8/8/8
f 66/9/66 68/10/68 5/11/5 6/12/6
f 66/9/66 6/12/6 40/13/40 84/14/84
f 115/15/115 99/16/99 3/6/3 4/5/4
f 6/17/6 5/2/5 1/1/1 2/18/2
f 129/19/129 62/20/62 16/21/16 117/22/117
f 7/7/7 3/6/3 10/23/10 12/24/12
f 114/25/114 7/7/7 12/24/12 116/26/116
f 67/27/67 1/1/1 9/4/9 70/28/70
f 117/22/117 16/21/16 20/29/20 118/30/118
f 62/20/62 64/31/64 14/32/14 16/21/16
f 65/33/65 63/34/63 15/35/15 13/36/13
f 96/37/96 65/33/65 13/36/13 72/38/72
f 17/39/17 19/40/19 23/41/23 21/42/21
f 16/21/16 14/32/14 18/43/18 20/29/20
f 13/36/13 15/35/15 19/40/19 17/39/17
f 72/38/72 13/36/13 17/39/17 74/44/74
f 119/45/119 24/46/24 28/47/28 120/48/120
f 74/44/74 17/39/17 21/42/21 76/49/76
f 118/30/118 20/29/20 24/46/24 119/45/119
f 20/29/20 18/43/18 22/50/22 24/46/24
f 120/48/120 28/47/28 32/51/32 121/52/121
f 24/46/24 22/50/22 26/53/26 28/47/28
f 21/42/21 23/41/23 27/54/27 25/55/25
f 76/49/76 21/42/21 25/55/25 78/56/78
f 29/57/29 31/58/31 35/59/35 33/60/33
f 28/47/28 26/53/26 30/61/30 32/51/32
f 25/55/25 27/54/27 31/58/31 29/57/29
f 78/56/78 25/55/25 29/57/29 80/62/80
f 122/63/122 36/64/36 37/65/37
f 80/62/80 29/57/29 33/60/33 82/66/82
f 121/52/121 32/51/32 36/64/36 122/63/122
f 32/51/32 30/61/30 34/67/34 36/64/36
f 36/64/36 34/67/34 37/65/37
f 33/60/33 35/59/35 37/65/37
f 82/66/82 33/60/33 37/65/37
f 123/68/123 39/69/39 43/70/43 124/71/124
f 115/15/115 4/5/4 39/69/39 123/68/123
f 6/17/6 2/18/2 38/72/38 40/73/40
f 4/5/4 8/8/8 41/74/41 39/69/39
f 152/75/151 146/76/146 49/77/49 47/78/47
f 40/73/40 38/72/38 42/79/42 44/80/44
f 39/69/39 41/74/41 45/81/45 43/70/43
f 84/14/84 40/13/40 44/82/44 86/83/86
f 145/84/145 138/85/138 51/86/51 126/87/126
f 149/88/148 147/89/132 48/90/48 88/91/88
f 151/92/150 152/75/151 47/78/47 125/93/125
f 147/94/132 153/95/133 46/96/46 48/97/48
f 126/87/126 51/86/51 55/98/55 127/99/127
f 140/100/140 139/101/139 50/102/50 52/103/52
f 138/85/138 141/104/141 53/105/53 51/86/51
f 142/106/142 140/107/140 52/108/52 90/109/90
f 127/99/127 55/98/55 59/110/59 128/111/128
f 52/103/52 50/102/50 54/112/54 56/113/56
f 51/86/51 53/105/53 57/114/57 55/98/55
f 90/109/90 52/108/52 56/115/56 92/116/92
f 112/117/112 128/111/128 59/110/59 61/118/61
f 56/113/56 54/112/54 58/119/58 60/120/60
f 55/98/55 57/114/57 61/118/61 59/110/59
f 92/116/92 56/115/56 60/120/60 94/121/94
f 70/28/70 9/4/9 65/33/65 96/37/96
f 9/4/9 11/3/11 63/34/63 65/33/65
f 12/24/12 10/23/10 64/31/64 62/20/62
f 116/26/116 12/24/12 62/20/62 129/19/129
f 11/122/11 71/123/71 97/124/97 63/125/63
f 100/126/100 70/28/70 96/37/96 113/127/113
f 111/128/111 92/116/92 94/121/94 112/117/112
f 60/120/60 58/119/58 95/129/95 94/121/94
f 110/130/110 90/109/90 92/116/92 111/128/111
f 54/112/54 93/131/93 95/129/95 58/119/58
f 144/132/144 142/106/142 90/109/90 110/130/110
f 50/102/50 91/133/91 93/131/93 54/112/54
f 153/95/133 148/134/147 89/135/89 46/96/46
f 150/136/149 149/88/148 88/91/88 109/137/109
f 139/101/139 143/138/143 91/133/91 50/102/50
f 107/139/107 84/14/84 86/83/86 108/140/108
f 2/18/2 69/141/69 85/142/85 38/72/38
f 38/72/38 85/142/85 87/143/87 42/79/42
f 106/144/106 82/66/82 37/65/37
f 31/145/31 81/146/81 83/147/83 35/148/35
f 105/149/105 80/62/80 82/66/82 106/144/106
f 35/148/35 83/147/83 37/65/37
f 104/150/104 78/56/78 80/62/80 105/149/105
f 103/151/103 76/49/76 78/56/78 104/150/104
f 27/152/27 79/153/79 81/146/81 31/145/31
f 19/154/19 75/155/75 77/156/77 23/157/23
f 102/158/102 74/44/74 76/49/76 103/151/103
f 23/157/23 77/156/77 79/153/79 27/152/27
f 101/159/101 72/38/72 74/44/74 102/158/102
f 113/127/113 96/37/96 72/38/72 101/159/101
f 15/160/15 73/161/73 75/155/75 19/154/19
f 99/16/99 67/27/67 70/28/70 100/126/100
f 5/11/5 68/10/68 71/123/71 11/122/11
f 63/125/63 97/124/97 73/161/73 15/160/15
f 2/18/2 1/1/1 67/27/67 69/141/69
f 98/162/98 66/9/66 84/14/84 107/139/107
f 98/162/98 114/25/114 68/10/68 66/9/66
f 8/8/8 7/7/7 114/25/114 98/162/98
f 8/8/8 98/162/98 107/139/107 41/74/41
f 3/6/3 99/16/99 100/126/100 10/23/10
f 64/31/64 113/127/113 101/159/101 14/32/14
f 14/32/14 101/159/101 102/158/102 18/43/18
f 18/43/18 102/158/102 103/151/103 22/50/22
f 22/50/22 103/151/103 104/150/104 26/53/26
f 26/53/26 104/150/104 105/149/105 30/61/30
f 30/61/30 105/149/105 106/144/106 34/67/34
f 34/67/34 106/144/106 37/65/37
f 41/74/41 107/139/107 108/140/108 45/81/45
f 146/76/146 150/136/149 109/137/109 49/77/49
f 141/104/141 144/132/144 110/130/110 53/105/53
f 53/105/53 110/130/110 111/128/111 57/114/57
f 57/114/57 111/128/111 112/117/112 61/118/61
f 10/23/10 100/126/100 113/127/113 64/31/64
f 71/123/71 116/26/116 129/19/129 97/124/97
f 94/121/94 95/129/95 128/111/128 112/117/112
f 93/131/93 127/99/127 128/111/128 95/129/95
f 91/133/91 126/87/126 127/99/127 93/131/93
f 148/134/147 151/92/150 125/93/125 89/135/89
f 143/138/143 145/84/145 126/87/126 91/133/91
f 69/141/69 115/15/115 123/68/123 85/142/85
f 85/142/85 123/68/123 124/71/124 87/143/87
f 81/146/81 121/52/121 122/63/122 83/147/83
f 83/147/83 122/63/122 37/65/37
f 79/153/79 120/48/120 121/52/121 81/146/81
f 75/155/75 118/30/118 119/45/119 77/156/77
f 77/156/77 119/45/119 120/48/120 79/153/79
f 73/161/73 117/22/117 118/30/118 75/155/75
f 68/10/68 114/25/114 116/26/116 71/123/71
f 97/124/97 129/19/129 117/22/117 73/161/73
f 69/141/69 67/27/67 99/16/99 115/15/115
f 87/143/87 124/71/124 137/163/137 134/164/134
f 45/81/45 108/140/108 136/165/136 130/166/130
f 108/140/108 86/83/86 135/167/135 136/165/136
f 42/79/42 87/143/87 134/164/134 133/168/133
f 44/80/44 42/79/42 133/168/133 132/169/132
f 124/71/124 43/70/43 131/170/131 137/163/137
f 86/83/86 44/82/44 132/171/132 135/167/135
f 43/70/43 45/81/45 130/166/130 131/170/131
f 89/135/89 125/93/125 145/84/145 143/138/143
f 49/77/49 109/137/109 144/132/144 141/104/141
f 46/96/46 89/135/89 143/138/143 139/101/139
f 109/137/109 88/91/88 142/106/142 144/132/144
f 88/91/88 48/90/48 140/107/140 142/106/142
f 47/78/47 49/77/49 141/104/141 138/85/138
f 48/97/48 46/96/46 139/101/139 140/100/140
f 125/93/125 47/78/47 138/85/138 145/84/145
f 134/164/134 137/163/137 151/92/150 148/134/147
f 130/166/130 136/165/136 150/136/149 146/76/146
f 136/165/136 135/167/135 149/88/148 150/136/149
f 133/168/133 134/164/134 148/134/147 153/95/133
f 132/169/132 133/168/133 153/95/133 147/94/132
f 137/163/137 131/170/131 152/75/151 151/92/150
f 135/167/135 132/171/132 147/89/132 149/88/148
f 131/170/131 130/166/130 146/76/146 152/75/151
o Cube.004
v 0.085908 0.257366 -0.180314
v 0.080070 0.234949 -0.178519
v 0.059016 0.260704 -0.199536
v 0.053179 0.238286 -0.197741
v 0.083790 0.257823 -0.179036
v 0.077953 0.235405 -0.177241
v 0.056898 0.261161 -0.198259
v 0.051061 0.238743 -0.196463
v 0.096375 0.306656 -0.191558
v 0.077394 0.310107 -0.198044
v 0.095237 0.306956 -0.190868
v 0.076256 0.310407 -0.197354
v 0.121643 0.362285 -0.188195
v 0.098293 0.367605 -0.202992
v 0.119890 0.362748 -0.187131
v 0.096540 0.368068 -0.201928
v 0.126836 0.391618 -0.182701
v 0.103280 0.399037 -0.196620
v 0.125022 0.391775 -0.181624
v 0.101466 0.399194 -0.195543
v 0.128275 0.434274 -0.167150
v 0.106290 0.440680 -0.176856
v 0.126769 0.434226 -0.166269
v 0.104784 0.440632 -0.175975
v 0.117912 0.492146 -0.141672
v 0.098915 0.495033 -0.146518
v 0.116976 0.491737 -0.141152
v 0.097979 0.494625 -0.145998
v 0.098639 0.519259 -0.129814
v 0.083511 0.521429 -0.128498
v 0.098123 0.519034 -0.129528
v 0.082995 0.521204 -0.128211
v 0.076779 0.548135 -0.115052
v 0.064763 0.549691 -0.108749
v 0.076591 0.548082 -0.114940
v 0.064575 0.549638 -0.108637
v 0.063431 0.566031 -0.103726
v 0.068510 0.179719 -0.175753
v 0.041618 0.183056 -0.194976
v 0.066382 0.180134 -0.174473
v 0.039490 0.183471 -0.193695
v 0.058894 0.138386 -0.177963
v 0.036219 0.141200 -0.190010
v 0.057290 0.138585 -0.177006
v 0.034615 0.141399 -0.189053
v 0.052354 0.103760 -0.181136
v 0.033586 0.106089 -0.186532
v 0.051260 0.103895 -0.180483
v 0.032492 0.106225 -0.185879
v 0.046829 0.081559 -0.185056
v 0.032838 0.082884 -0.182238
v 0.046363 0.081617 -0.184778
v 0.032372 0.082942 -0.181959
v 0.043331 0.036483 -0.181389
v 0.030376 0.037797 -0.176833
v 0.042999 0.036524 -0.181190
v 0.030043 0.037839 -0.176635
v 0.040592 -0.003029 -0.177713
v 0.027967 -0.001718 -0.172603
v 0.040301 -0.002993 -0.177540
v 0.027676 -0.001682 -0.172430
v 0.087066 0.339025 -0.198610
v 0.107055 0.335022 -0.190128
v 0.088352 0.338685 -0.199390
v 0.108341 0.334683 -0.190908
v 0.069694 0.236430 -0.191295
v 0.077650 0.258391 -0.194368
v 0.075532 0.258848 -0.193090
v 0.071812 0.235974 -0.192573
v 0.092072 0.307737 -0.199244
v 0.090934 0.308038 -0.198554
v 0.115156 0.364301 -0.200036
v 0.113402 0.364764 -0.198972
v 0.120246 0.394684 -0.194104
v 0.118432 0.394841 -0.193026
v 0.122470 0.436833 -0.176446
v 0.120964 0.436785 -0.175565
v 0.113601 0.492946 -0.148538
v 0.112665 0.492537 -0.148018
v 0.096263 0.519700 -0.133599
v 0.095747 0.519475 -0.133312
v 0.075959 0.548269 -0.116343
v 0.075771 0.548216 -0.116231
v 0.058124 0.181159 -0.188527
v 0.060252 0.180744 -0.189807
v 0.051140 0.139348 -0.187472
v 0.052744 0.139149 -0.188429
v 0.047063 0.104416 -0.187624
v 0.048158 0.104280 -0.188277
v 0.044555 0.081636 -0.187812
v 0.045021 0.081578 -0.188090
v 0.041708 0.036538 -0.183355
v 0.042041 0.036496 -0.183554
v 0.039177 -0.002981 -0.179428
v 0.039467 -0.003017 -0.179601
v 0.103534 0.336040 -0.199592
v 0.102248 0.336380 -0.198812
v 0.060200 0.237609 -0.195121
v 0.068155 0.259570 -0.198194
v 0.084555 0.308944 -0.199886
v 0.106546 0.365975 -0.202756
v 0.111585 0.396883 -0.196604
v 0.114202 0.438779 -0.177892
v 0.106080 0.494012 -0.148770
v 0.089709 0.520587 -0.132290
v 0.070183 0.549002 -0.113788
v 0.048629 0.182337 -0.192353
v 0.042699 0.140396 -0.189504
v 0.039600 0.105342 -0.187993
v 0.038286 0.082311 -0.186127
v 0.035698 0.037210 -0.181237
v 0.033249 -0.002310 -0.177170
v 0.095765 0.337385 -0.200732
v 0.066037 0.260026 -0.196916
v 0.062318 0.237152 -0.196398
v 0.083417 0.309245 -0.199195
v 0.104793 0.366438 -0.201692
v 0.109771 0.397039 -0.195526
v 0.112696 0.438731 -0.177011
v 0.105144 0.493603 -0.148249
v 0.089193 0.520361 -0.132003
v 0.069995 0.548949 -0.113676
v 0.050757 0.181922 -0.193633
v 0.044303 0.140197 -0.190461
v 0.040694 0.105207 -0.188646
v 0.038752 0.082253 -0.186405
v 0.036031 0.037169 -0.181435
v 0.033539 -0.002346 -0.177344
v 0.094479 0.337724 -0.199952
v 0.033553 0.123812 -0.187466
v 0.034903 0.123644 -0.188271
v 0.054275 0.121240 -0.178744
v 0.055624 0.121073 -0.179549
v 0.050451 0.121715 -0.188353
v 0.049102 0.121882 -0.187548
v 0.041150 0.122869 -0.188749
v 0.042499 0.122702 -0.189554
v 0.033212 0.094486 -0.184385
v 0.049592 0.092659 -0.183096
v 0.048811 0.092756 -0.182630
v 0.032432 0.094583 -0.183919
v 0.045809 0.093026 -0.187718
v 0.046590 0.092929 -0.188184
v 0.038943 0.093827 -0.187060
v 0.039723 0.093730 -0.187526
v 0.033023 0.115018 -0.186673
v 0.052767 0.112568 -0.179614
v 0.049304 0.112998 -0.188315
v 0.048083 0.113149 -0.187586
v 0.040375 0.114106 -0.188371
v 0.041597 0.113954 -0.189100
v 0.034244 0.114867 -0.187402
v 0.053989 0.112416 -0.180343
vn -0.9446 0.1773 -0.2763
vn -0.9438 0.2046 -0.2597
vn 0.2320 -0.0429 0.9718
vn 0.2030 0.0154 0.9791
vn 0.1989 -0.1981 -0.9598
vn 0.2391 -0.1188 -0.9637
vn 0.9291 -0.3224 -0.1813
vn 0.9526 -0.2345 -0.1937
vn -0.9356 0.2808 -0.2140
vn 0.3024 -0.1009 0.9478
vn 0.2646 -0.1959 -0.9443
vn 0.8728 -0.3702 -0.3181
vn -0.9235 0.3189 -0.2133
vn 0.2419 -0.1059 0.9645
vn 0.2291 0.0815 -0.9700
vn 0.9614 -0.2022 -0.1869
vn -0.9668 0.1503 -0.2068
vn 0.2019 -0.3289 0.9225
vn 0.2605 0.2358 -0.9362
vn 0.9825 -0.0687 -0.1732
vn -0.9719 0.0205 -0.2345
vn 0.2539 -0.4307 0.8660
vn 0.2069 0.3741 -0.9040
vn 0.9651 0.1217 -0.2320
vn -0.9183 -0.2530 -0.3045
vn 0.3867 -0.3608 0.8487
vn 0.0962 0.4173 -0.9037
vn 0.8933 0.3428 -0.2906
vn -0.8251 -0.4397 -0.3546
vn 0.5397 -0.2088 0.8156
vn 0.1216 0.4893 -0.8636
vn 0.6129 -0.7680 -0.1857
vn -0.8291 -0.4352 -0.3511
vn 0.5848 -0.1893 0.7888
vn 0.0976 0.5507 -0.8290
vn -0.7954 -0.3381 0.5031
vn 0.7377 -0.4088 -0.5372
vn -0.9405 0.2080 -0.2686
vn 0.2302 0.0387 0.9724
vn 0.2369 -0.0457 -0.9705
vn 0.9687 -0.1594 -0.1904
vn -0.9418 0.2181 -0.2558
vn 0.2917 0.0635 0.9544
vn 0.2630 0.0249 -0.9645
vn 0.9583 -0.0713 -0.2766
vn -0.9374 0.2382 -0.2539
vn 0.4195 0.0863 0.9037
vn 0.2519 0.0906 -0.9635
vn 0.9160 0.0849 -0.3921
vn -0.9657 0.1660 -0.1996
vn 0.5406 0.0902 0.8364
vn 0.2990 0.0091 -0.9542
vn -0.6930 0.5695 0.4420
vn -0.9687 0.0500 -0.2432
vn 0.5723 0.0578 0.8180
vn 0.2415 -0.1002 -0.9652
vn -0.8122 0.1383 0.5668
vn -0.7412 0.6252 -0.2445
vn 0.3473 -0.7113 0.6111
vn 0.2401 0.5033 -0.8301
vn -0.7046 -0.4680 0.5333
vn 0.8932 -0.2876 -0.3458
vn 0.2637 -0.0540 -0.9631
vn 0.3301 -0.0493 0.9427
vn -0.8777 0.4154 -0.2389
vn 0.6248 -0.1963 -0.7557
vn -0.5923 0.2253 0.7736
vn 0.5891 -0.2352 -0.7731
vn -0.6248 0.1963 0.7557
vn -0.5229 0.2192 0.8237
vn 0.5223 -0.2265 -0.8222
vn -0.6037 0.1039 0.7904
vn 0.6049 -0.0948 -0.7906
vn -0.6293 -0.1574 0.7611
vn 0.6289 0.1558 -0.7617
vn -0.6030 -0.3505 0.7166
vn 0.6033 0.3448 -0.7192
vn -0.5156 -0.5315 0.6721
vn 0.5177 0.5237 -0.6765
vn -0.3490 -0.6415 0.6831
vn 0.3521 0.6330 -0.6895
vn -0.2328 -0.6406 0.7317
vn 0.2353 0.6350 -0.7358
vn 0.6213 -0.1506 -0.7690
vn -0.6205 0.1575 0.7682
vn 0.5909 -0.1030 -0.8001
vn -0.5890 0.1177 0.7995
vn 0.5020 -0.0711 -0.8619
vn -0.5006 0.0923 0.8608
vn 0.3678 -0.0915 -0.9254
vn -0.3634 0.1057 0.9256
vn 0.3392 -0.1164 -0.9335
vn -0.3388 0.1183 0.9334
vn 0.2498 0.8325 -0.4946
vn -0.2218 0.6595 0.7182
vn -0.5309 0.2375 0.8135
vn 0.5347 -0.2268 -0.8140
vn 0.2441 -0.1199 -0.9623
vn -0.1694 0.0995 0.9805
vn -0.0222 0.0380 0.9990
vn -0.1332 -0.0312 0.9906
vn -0.1836 -0.2759 0.9435
vn -0.1182 -0.4329 0.8937
vn 0.0372 -0.4734 0.8800
vn 0.2842 -0.3769 0.8816
vn 0.4745 -0.2651 0.8394
vn 0.2076 -0.0962 -0.9735
vn 0.1020 -0.0712 -0.9922
vn -0.1488 -0.0539 -0.9874
vn -0.4060 -0.0631 -0.9117
vn -0.4824 -0.0636 -0.8736
vn -0.4404 -0.6460 -0.6235
vn -0.0072 0.0554 0.9984
vn 0.1676 -0.1056 -0.9802
vn -0.2441 0.1199 0.9623
vn 0.0224 -0.0440 -0.9988
vn 0.1337 0.0377 -0.9903
vn 0.1832 0.2756 -0.9437
vn 0.1176 0.4300 -0.8951
vn -0.0386 0.4683 -0.8827
vn -0.2852 0.3720 -0.8833
vn -0.4746 0.2642 -0.8396
vn -0.2074 0.1012 0.9730
vn -0.1010 0.0807 0.9916
vn 0.1489 0.0625 0.9869
vn 0.4077 0.0665 0.9107
vn 0.4825 0.0637 0.8736
vn 0.4247 0.6870 0.5896
vn 0.0089 -0.0489 -0.9988
vn 0.9400 -0.0209 -0.3404
vn 0.3439 0.0541 0.9374
vn 0.2585 0.0518 -0.9646
vn -0.9485 0.2016 -0.2444
vn -0.5562 0.0885 0.8263
vn 0.5580 -0.0733 -0.8266
vn -0.0018 -0.0451 -0.9990
vn 0.0028 0.0537 0.9986
vn 0.4819 0.1200 0.8680
vn -0.9327 0.2735 -0.2350
vn 0.2726 0.1239 -0.9541
vn 0.7900 0.4086 -0.4572
vn 0.4479 -0.0699 -0.8914
vn -0.4453 0.0970 0.8901
vn -0.2755 -0.0640 -0.9592
vn 0.2762 0.0722 0.9584
vn 0.9265 -0.0055 -0.3764
vn 0.2585 0.0517 -0.9646
vn -0.5317 0.0861 0.8426
vn 0.5335 -0.0711 -0.8428
vn -0.0676 -0.0390 -0.9970
vn 0.0684 0.0467 0.9966
vn 0.3780 0.0500 0.9245
vt 0.625000 0.500000
vt 0.625000 0.250000
vt 0.375000 0.750000
vt 0.625000 0.750000
vt 0.625000 1.000000
vt 0.375000 1.000000
vt 0.375000 0.125000
vt 0.625000 0.125000
vt 0.375000 0.250000
vt 0.375000 0.125000
vt 0.375000 0.687500
vt 0.625000 0.687500
vt 0.375000 0.500000
vt 0.625000 0.062500
vt 0.625000 0.000000
vt 0.625000 0.062500
vt 0.625000 0.625000
vt 0.625000 0.062500
vt 0.625000 0.625000
vt 0.625000 0.062500
vt 0.625000 0.062500
vt 0.625000 0.062500
vt 0.625000 0.625000
vt 0.375000 0.687500
vt 0.375000 0.687500
vt 0.375000 0.687500
vt 0.375000 0.125000
vt 0.375000 0.250000
vt 0.375000 0.500000
vt 0.375000 0.250000
vt 0.375000 0.500000
vt 0.375000 0.125000
vt 0.375000 0.125000
vt 0.375000 0.687500
vt 0.125000 0.687500
vt 0.125000 0.750000
vt 0.375000 0.125000
vt 0.625000 0.125000
vt 0.625000 0.687500
vt 0.625000 0.687500
vt 0.375000 0.062500
vt 0.125000 0.500000
vt 0.375000 0.625000
vt 0.125000 0.625000
vt 0.375000 0.062500
vt 0.375000 0.625000
vt 0.375000 0.062500
vt 0.375000 0.062500
vt 0.375000 0.625000
vt 0.625000 0.687500
vt 0.625000 0.125000
vt 0.625000 0.125000
vt 0.625000 0.125000
vt 0.375000 0.000000
vt 0.375000 0.000000
vt 0.625000 0.125000
vt 0.375000 0.062500
vt 0.375000 0.125000
vt 0.375000 1.000000
s 1
f 154/172/152 158/173/156 164/173/162 162/172/160
f 157/174/155 156/175/154 160/176/158 161/177/159
f 219/178/217 221/179/219 158/173/156 159/180/157
f 219/178/217 159/180/157 193/180/191 237/181/235
f 268/182/266 252/183/250 156/175/154 157/174/155
f 159/180/157 158/173/156 154/172/152 155/184/153
f 282/185/280 215/186/213 169/186/167 270/187/268
f 160/176/158 156/175/154 163/175/161 165/176/163
f 267/187/265 160/186/158 165/186/163 269/187/267
f 220/188/218 154/172/152 162/172/160 223/188/221
f 270/187/268 169/186/167 173/186/171 271/187/269
f 215/176/213 217/175/215 167/175/165 169/176/167
f 218/172/216 216/173/214 168/173/166 166/172/164
f 249/188/247 218/172/216 166/172/164 225/188/223
f 170/172/168 172/173/170 176/173/174 174/172/172
f 169/176/167 167/175/165 171/175/169 173/176/171
f 166/172/164 168/173/166 172/173/170 170/172/168
f 225/188/223 166/172/164 170/172/168 227/188/225
f 272/187/270 177/186/175 181/186/179 273/189/271
f 227/188/225 170/172/168 174/172/172 229/190/227
f 271/187/269 173/186/171 177/186/175 272/187/270
f 173/176/171 171/175/169 175/175/173 177/176/175
f 273/189/271 181/186/179 185/186/183 274/191/272
f 177/176/175 175/175/173 179/175/177 181/176/179
f 174/172/172 176/173/174 180/173/178 178/172/176
f 229/190/227 174/172/172 178/172/176 231/188/229
f 182/172/180 184/173/182 188/173/186 186/172/184
f 181/176/179 179/175/177 183/175/181 185/176/183
f 178/172/176 180/173/178 184/173/182 182/172/180
f 231/188/229 178/172/176 182/172/180 233/190/231
f 275/192/273 189/186/187 190/193/188
f 233/190/231 182/172/180 186/172/184 235/194/233
f 274/191/272 185/186/183 189/186/187 275/192/273
f 185/176/183 183/175/181 187/175/185 189/176/187
f 189/176/187 187/175/185 190/176/188
f 186/172/184 188/173/186 190/172/188
f 235/194/233 186/172/184 190/188/188
f 276/195/274 192/174/190 196/174/194 277/196/275
f 268/182/266 157/174/155 192/174/190 276/195/274
f 159/180/157 155/184/153 191/184/189 193/180/191
f 157/174/155 161/177/159 194/177/192 192/174/190
f 305/174/303 299/177/297 202/177/200 200/174/198
f 193/180/191 191/184/189 195/184/193 197/180/195
f 192/174/190 194/177/192 198/177/196 196/174/194
f 237/181/235 193/180/191 197/180/195 239/181/237
f 298/197/296 291/174/289 204/174/202 279/195/277
f 302/198/300 300/199/298 201/180/199 241/181/239
f 304/182/302 305/174/303 200/174/198 278/195/276
f 300/199/298 306/200/284 199/184/197 201/180/199
f 279/195/277 204/174/202 208/174/206 280/195/278
f 293/201/291 292/202/290 203/184/201 205/180/203
f 291/174/289 294/177/292 206/177/204 204/174/202
f 295/203/293 293/201/291 205/180/203 243/204/241
f 280/195/278 208/174/206 212/174/210 281/205/279
f 205/180/203 203/184/201 207/184/205 209/180/207
f 204/174/202 206/177/204 210/177/208 208/174/206
f 243/204/241 205/180/203 209/180/207 245/203/243
f 265/206/263 281/205/279 212/174/210 214/207/212
f 209/180/207 207/184/205 211/184/209 213/180/211
f 208/174/206 210/177/208 214/177/212 212/174/210
f 245/203/243 209/180/207 213/180/211 247/208/245
f 223/188/221 162/172/160 218/172/216 249/188/247
f 162/172/160 164/173/162 216/173/214 218/172/216
f 165/176/163 163/175/161 217/175/215 215/176/213
f 269/187/267 165/186/163 215/186/213 282/185/280
f 164/173/162 224/179/222 250/209/248 216/173/214
f 253/210/251 223/188/221 249/188/247 266/211/264
f 264/212/262 245/203/243 247/208/245 265/212/263
f 213/213/211 211/184/209 248/214/246 247/215/245
f 263/212/261 243/204/241 245/203/243 264/212/262
f 207/184/205 246/214/244 248/214/246 211/184/209
f 297/216/295 295/203/293 243/204/241 263/212/261
f 203/184/201 244/217/242 246/214/244 207/184/205
f 306/200/284 301/217/299 242/214/240 199/184/197
f 303/218/301 302/198/300 241/181/239 262/219/260
f 292/202/290 296/220/294 244/217/242 203/184/201
f 260/218/258 237/181/235 239/181/237 261/218/259
f 155/184/153 222/220/220 238/217/236 191/184/189
f 191/184/189 238/217/236 240/217/238 195/184/193
f 259/221/257 235/194/233 190/183/188
f 184/173/182 234/222/232 236/179/234 188/173/186
f 258/183/256 233/190/231 235/194/233 259/221/257
f 188/173/186 236/179/234 190/173/188
f 257/221/255 231/188/229 233/190/231 258/183/256
f 256/183/254 229/190/227 231/188/229 257/221/255
f 180/173/178 232/223/230 234/222/232 184/173/182
f 172/173/170 228/179/226 230/224/228 176/173/174
f 255/183/253 227/188/225 229/190/227 256/183/254
f 176/173/174 230/224/228 232/223/230 180/173/178
f 254/183/252 225/188/223 227/188/225 255/183/253
f 266/211/264 249/188/247 225/188/223 254/183/252
f 168/173/166 226/179/224 228/179/226 172/173/170
f 252/183/250 220/188/218 223/188/221 253/210/251
f 158/173/156 221/179/219 224/179/222 164/173/162
f 216/173/214 250/209/248 226/179/224 168/173/166
f 155/184/153 154/172/152 220/188/218 222/220/220
f 251/218/249 219/178/217 237/181/235 260/218/258
f 251/218/249 267/187/265 221/179/219 219/178/217
f 161/225/159 160/186/158 267/187/265 251/218/249
f 161/225/159 251/218/249 260/218/258 194/225/192
f 156/175/154 252/183/250 253/210/251 163/175/161
f 217/175/215 266/211/264 254/183/252 167/175/165
f 167/175/165 254/183/252 255/183/253 171/175/169
f 171/175/169 255/183/253 256/183/254 175/175/173
f 175/175/173 256/183/254 257/221/255 179/175/177
f 179/175/177 257/221/255 258/183/256 183/175/181
f 183/175/181 258/183/256 259/221/257 187/175/185
f 187/175/185 259/221/257 190/175/188
f 194/225/192 260/218/258 261/218/259 198/225/196
f 299/226/297 303/218/301 262/219/260 202/225/200
f 294/225/292 297/216/295 263/212/261 206/225/204
f 206/225/204 263/212/261 264/212/262 210/225/208
f 210/225/208 264/212/262 265/212/263 214/225/212
f 163/175/161 253/210/251 266/211/264 217/175/215
f 224/179/222 269/187/267 282/185/280 250/209/248
f 247/215/245 248/214/246 281/205/279 265/206/263
f 246/214/244 280/195/278 281/205/279 248/214/246
f 244/217/242 279/195/277 280/195/278 246/214/244
f 301/217/299 304/182/302 278/195/276 242/214/240
f 296/220/294 298/197/296 279/195/277 244/217/242
f 222/220/220 268/182/266 276/195/274 238/217/236
f 238/217/236 276/195/274 277/196/275 240/217/238
f 234/222/232 274/191/272 275/192/273 236/179/234
f 236/179/234 275/192/273 190/227/188
f 232/223/230 273/189/271 274/191/272 234/222/232
f 228/179/226 271/187/269 272/187/270 230/224/228
f 230/224/228 272/187/270 273/189/271 232/223/230
f 226/179/224 270/187/268 271/187/269 228/179/226
f 221/179/219 267/187/265 269/187/267 224/179/222
f 250/209/248 282/185/280 270/187/268 226/179/224
f 222/220/220 220/188/218 252/183/250 268/182/266
f 240/217/238 277/196/275 290/195/288 287/214/285
f 198/225/196 261/218/259 289/228/287 283/226/281
f 261/218/259 239/181/237 288/229/286 289/228/287
f 195/184/193 240/217/238 287/214/285 286/200/284
f 197/180/195 195/184/193 286/200/284 285/199/283
f 277/196/275 196/174/194 284/174/282 290/195/288
f 239/181/237 197/180/195 285/199/283 288/229/286
f 196/174/194 198/177/196 283/230/281 284/174/282
f 242/214/240 278/195/276 298/197/296 296/220/294
f 202/225/200 262/219/260 297/216/295 294/225/292
f 199/184/197 242/214/240 296/220/294 292/202/290
f 262/219/260 241/181/239 295/203/293 297/216/295
f 241/181/239 201/180/199 293/201/291 295/203/293
f 200/174/198 202/177/200 294/177/292 291/174/289
f 201/180/199 199/184/197 292/202/290 293/201/291
f 278/195/276 200/174/198 291/174/289 298/197/296
f 287/214/285 290/195/288 304/182/302 301/217/299
f 283/226/281 289/228/287 303/218/301 299/226/297
f 289/228/287 288/229/286 302/198/300 303/218/301
f 286/200/284 287/214/285 301/217/299 306/200/284
f 285/199/283 286/200/284 306/200/284 300/199/298
f 290/195/288 284/174/282 305/174/303 304/182/302
f 288/229/286 285/199/283 300/199/298 302/198/300
f 284/174/282 283/230/281 299/177/297 305/174/303
o Cube.005
v 0.002381 0.156062 -0.239043
v 0.005697 0.080185 -0.224147
v 0.002381 0.157524 -0.230809
v 0.005720 0.080906 -0.218634
v -0.003161 0.155550 -0.238952
v 0.000161 0.079674 -0.224056
v -0.003161 0.157012 -0.230718
v 0.000185 0.080395 -0.218543
v -0.004704 0.228341 -0.250217
v -0.004673 0.228908 -0.245137
v -0.009794 0.227871 -0.250134
v -0.009763 0.228438 -0.245053
v 0.003687 0.003064 -0.213027
v 0.003702 0.003524 -0.209518
v 0.000163 0.002739 -0.212969
v 0.000179 0.003198 -0.209460
v -0.026376 0.284890 -0.256807
v -0.026283 0.285595 -0.251167
v -0.028317 0.284275 -0.256698
v -0.028223 0.284981 -0.251058
v -0.038403 0.318643 -0.261499
v -0.038415 0.320114 -0.253791
v -0.041197 0.318320 -0.261441
v -0.041209 0.319790 -0.253733
v -0.046402 0.354950 -0.267613
v -0.046452 0.356460 -0.261561
v -0.048623 0.354693 -0.267567
v -0.048673 0.356202 -0.261515
v -0.048620 0.371673 -0.270571
v -0.048664 0.372712 -0.266866
v -0.049990 0.371514 -0.270543
v -0.050034 0.372553 -0.266838
v -0.047571 0.381685 -0.272528
v -0.047652 0.382742 -0.270519
v -0.048380 0.381591 -0.272511
v -0.048461 0.382648 -0.270502
v -0.046176 0.389873 -0.275519
v -0.006528 0.242355 -0.251842
v -0.006497 0.242953 -0.246622
v -0.010620 0.241977 -0.251775
v -0.011900 0.256040 -0.253410
v -0.014996 0.255754 -0.253359
v -0.014966 0.256384 -0.247998
v -0.011870 0.256670 -0.248049
v -0.010590 0.242575 -0.246555
v -0.001019 0.233275 -0.255249
v -0.003902 0.233009 -0.255202
v -0.010206 0.246735 -0.254349
v -0.007889 0.246949 -0.254387
v -0.002814 0.244441 -0.267001
v -0.004564 0.244280 -0.266973
v -0.010159 0.250899 -0.256027
v -0.008752 0.251029 -0.256050
v -0.001079 0.263719 -0.277915
v -0.002903 0.263550 -0.277886
v -0.008431 0.269689 -0.266012
v -0.006965 0.269824 -0.266036
v -0.000219 0.278475 -0.286164
v -0.002078 0.278304 -0.286133
v -0.007610 0.284958 -0.271795
v -0.006115 0.285096 -0.271820
v -0.001533 0.290622 -0.291921
v -0.003198 0.290469 -0.291893
v -0.008709 0.296761 -0.277182
v -0.007370 0.296885 -0.277204
v -0.007356 0.314742 -0.299755
v -0.009105 0.314580 -0.299726
v -0.014495 0.319053 -0.288326
v -0.013088 0.319183 -0.288349
v -0.011993 0.333465 -0.303689
v -0.013033 0.333369 -0.303672
v -0.018299 0.334868 -0.297188
v -0.017462 0.334946 -0.297202
v -0.015856 0.347110 -0.309999
v -0.016283 0.347071 -0.309992
v -0.019816 0.352062 -0.308110
v -0.019473 0.352094 -0.308116
v -0.019892 0.362539 -0.318863
v -0.020156 0.362515 -0.318859
v -0.020277 0.364292 -0.317797
v -0.020064 0.364312 -0.317801
v -0.018748 0.372458 -0.329666
v -0.010207 0.234924 -0.250955
v -0.005585 0.235931 -0.245879
v -0.010176 0.235507 -0.245804
v -0.005616 0.235348 -0.251030
v -0.009722 0.239740 -0.255520
v -0.007122 0.239980 -0.255563
v -0.010030 0.247457 -0.262245
v -0.008451 0.247603 -0.262271
v -0.008335 0.266487 -0.272694
v -0.006690 0.266639 -0.272721
v -0.007512 0.281499 -0.279709
v -0.005835 0.281654 -0.279737
v -0.008622 0.293483 -0.285282
v -0.007120 0.293621 -0.285307
v -0.014468 0.316685 -0.294771
v -0.012890 0.316830 -0.294797
v -0.018334 0.333986 -0.301175
v -0.017396 0.334073 -0.301190
v -0.019758 0.350970 -0.309379
v -0.019373 0.351006 -0.309385
v -0.020216 0.363404 -0.318328
v -0.019978 0.363426 -0.318332
v -0.010000 0.231398 -0.250544
v -0.005129 0.232419 -0.245508
v -0.008035 0.236350 -0.255501
v -0.008520 0.245844 -0.264748
v -0.006842 0.264994 -0.275429
v -0.006018 0.279876 -0.283060
v -0.007133 0.291951 -0.288727
v -0.013010 0.315608 -0.297388
v -0.016907 0.333653 -0.302562
v -0.018283 0.350532 -0.309407
v -0.020186 0.362959 -0.318593
v -0.019512 0.368375 -0.323731
v -0.019406 0.368385 -0.323733
v -0.009970 0.231973 -0.245429
v -0.005160 0.231844 -0.250623
v -0.005294 0.236603 -0.255545
v -0.006856 0.245997 -0.264775
v -0.005108 0.265154 -0.275457
v -0.004250 0.280040 -0.283089
v -0.005549 0.292097 -0.288753
v -0.011346 0.315761 -0.297415
v -0.015918 0.333744 -0.302579
v -0.017877 0.350570 -0.309414
v -0.019935 0.362983 -0.318597
v -0.019058 0.343465 -0.302649
v -0.018468 0.343520 -0.302659
v -0.013924 0.340288 -0.306844
v -0.014658 0.340220 -0.306832
v -0.019046 0.342478 -0.305277
v -0.018384 0.342539 -0.305288
v -0.016898 0.342157 -0.305996
v -0.017595 0.342092 -0.305985
v -0.006848 0.230440 -0.252668
v -0.010413 0.244356 -0.253062
v -0.007208 0.244652 -0.253115
v -0.002862 0.230808 -0.252733
v -0.006369 0.237664 -0.253296
v -0.009965 0.237332 -0.253238
v -0.005227 0.234224 -0.253084
v -0.009018 0.233874 -0.253022
v -0.016397 0.326961 -0.292757
v -0.015275 0.327064 -0.292775
v -0.009674 0.324103 -0.301722
v -0.011069 0.323974 -0.301699
v -0.016401 0.325335 -0.297973
v -0.015143 0.325452 -0.297994
v -0.013632 0.324753 -0.299997
v -0.014958 0.324630 -0.299975
v 0.002381 0.156793 -0.234926
v 0.005708 0.080545 -0.221390
v -0.003161 0.156281 -0.234835
v 0.000173 0.080034 -0.221300
v -0.004689 0.228625 -0.247677
v -0.009778 0.228155 -0.247593
v 0.003694 0.003294 -0.211272
v 0.000171 0.002969 -0.211215
v -0.028270 0.284628 -0.253878
v -0.041203 0.319055 -0.257587
v -0.048648 0.355448 -0.264541
v -0.048642 0.372192 -0.268718
v -0.050012 0.372034 -0.268690
v -0.047612 0.382213 -0.271523
v -0.048420 0.382119 -0.271507
v -0.006512 0.242654 -0.249232
v -0.010605 0.242276 -0.249165
v -0.011885 0.256355 -0.250729
v -0.014981 0.256069 -0.250678
v -0.005601 0.235639 -0.248454
v -0.010192 0.235215 -0.248379
v -0.009985 0.231685 -0.247986
v -0.005145 0.232132 -0.248066
v -0.027215 0.285352 -0.253108
v -0.027242 0.285132 -0.254871
v -0.027174 0.284394 -0.253891
v -0.039723 0.319210 -0.258530
v -0.039729 0.319546 -0.256767
v -0.047653 0.355495 -0.265427
v -0.047673 0.355912 -0.263756
v -0.048163 0.356647 -0.264823
vn -0.7066 0.0732 0.7038
vn -0.7190 0.1108 0.6861
vn -0.7068 -0.1736 -0.6857
vn -0.7126 -0.1028 -0.6940
vn 0.6959 0.1698 0.6978
vn 0.7091 0.1328 0.6925
vn 0.6955 -0.0808 -0.7139
vn 0.6949 -0.0830 -0.7143
vn -0.8122 0.2402 0.5316
vn -0.7178 -0.1849 -0.6712
vn 0.7611 0.2805 0.5848
vn 0.7174 -0.0524 -0.6947
vn -0.5915 0.6288 0.5048
vn -0.5964 0.4784 -0.6446
vn 0.5550 0.6777 0.4824
vn 0.5501 0.5301 -0.6452
vn -0.7189 -0.2390 0.6528
vn -0.7375 -0.3795 -0.5586
vn 0.6689 0.3653 0.6474
vn 0.6495 0.2045 -0.7324
vn -0.7945 -0.1448 0.5898
vn -0.7857 -0.3010 -0.5404
vn 0.7026 0.3046 0.6431
vn 0.6786 0.0828 -0.7298
vn -0.8133 -0.0321 0.5810
vn -0.7937 -0.2776 -0.5413
vn 0.7141 0.2185 0.6651
vn 0.7095 -0.0859 -0.6994
vn -0.7402 0.1250 0.6606
vn -0.7126 -0.2304 -0.6626
vn 0.7246 0.1047 0.6811
vn 0.7391 -0.2395 -0.6295
vn -0.7337 0.2773 0.6203
vn -0.6433 -0.2903 -0.7085
vn 0.6965 0.0476 0.7160
vn 0.6972 -0.4340 -0.5706
vn -0.2064 -0.8683 0.4512
vn -0.9526 -0.2694 0.1415
vn -0.7145 -0.2524 -0.6526
vn 0.9829 0.0483 0.1776
vn -0.6794 -0.2291 0.6971
vn 0.6513 0.3337 0.6815
vn 0.6377 0.1681 -0.7517
vn -0.6904 -0.3783 -0.6167
vn 0.6607 0.0436 -0.7494
vn -0.9733 0.2243 0.0484
vn 0.1511 0.6769 0.7204
vn 0.7467 -0.2786 -0.6040
vn -0.7023 -0.4123 -0.5803
vn -0.9305 0.2155 0.2961
vn 0.2701 0.5863 0.7637
vn 0.7209 -0.3086 -0.6205
vn -0.6422 -0.3444 -0.6848
vn -0.9520 0.2098 0.2227
vn 0.2986 0.4481 0.8426
vn 0.7305 -0.3277 -0.5992
vn -0.7013 -0.2472 -0.6687
vn -0.9446 0.1367 0.2983
vn 0.3131 0.4381 0.8426
vn 0.6956 -0.2638 -0.6683
vn -0.6972 -0.2921 -0.6547
vn -0.9237 -0.0109 0.3830
vn 0.3125 0.3964 0.8632
vn 0.6943 -0.2104 -0.6883
vn -0.6860 -0.4085 -0.6020
vn -0.9106 -0.1560 0.3828
vn 0.2913 0.3197 0.9016
vn 0.7092 -0.1848 -0.6804
vn -0.6543 -0.4806 -0.5838
vn -0.9683 -0.1722 0.1809
vn 0.1803 0.3406 0.9228
vn 0.7308 -0.2502 -0.6351
vn -0.6351 -0.4906 -0.5966
vn -0.9253 0.0491 0.3761
vn 0.3565 0.4602 0.8131
vn 0.7246 -0.3682 -0.5825
vn -0.6509 -0.4753 -0.5920
vn -0.8317 0.3168 0.4561
vn 0.6112 0.5087 0.6064
vn 0.7294 -0.5162 -0.4489
vn -0.6057 -0.5731 -0.5520
vn -0.0918 -0.6211 0.7783
vn 0.9762 0.1114 0.1862
vn -0.7060 -0.1645 -0.6889
vn 0.7014 -0.0346 -0.7120
vn -0.9860 -0.1662 0.0128
vn 0.9355 0.2103 0.2840
vn -0.9544 -0.2918 -0.0624
vn 0.9633 0.1374 0.2307
vn -0.9612 -0.1809 -0.2081
vn 0.9720 0.0498 0.2296
vn -0.9664 -0.0579 -0.2504
vn 0.9786 0.1044 0.1771
vn -0.9739 -0.1182 -0.1939
vn 0.9663 0.2226 0.1296
vn -0.9611 -0.2343 -0.1463
vn 0.9499 0.2751 0.1483
vn -0.9409 -0.2963 -0.1640
vn 0.9175 0.2579 0.3028
vn -0.9040 -0.2919 -0.3124
vn 0.8453 0.3185 0.4289
vn -0.8365 -0.3385 -0.4309
vn 0.9698 0.1231 0.2108
vn -0.9653 -0.1466 -0.2160
vn 0.9148 0.1754 0.3640
vn -0.7059 -0.1645 -0.6889
vn 0.6491 0.4709 0.5974
vn 0.7334 0.3967 0.5520
vn 0.7732 0.2580 0.5794
vn 0.8006 0.2793 0.5301
vn 0.7896 0.3420 0.5094
vn 0.7365 0.3498 0.5790
vn 0.5477 0.3659 0.7524
vn 0.6257 0.4506 0.6368
vn 0.8879 0.2670 0.3747
vn 0.7481 -0.5878 -0.3080
vn -0.6470 -0.5932 -0.4790
vn -0.9384 -0.2425 -0.2461
vn -0.7135 -0.5346 -0.4530
vn -0.7307 -0.4205 -0.5378
vn -0.7624 -0.2628 -0.5914
vn -0.7903 -0.2894 -0.5400
vn -0.7803 -0.3491 -0.5189
vn -0.7237 -0.3616 -0.5878
vn -0.5380 -0.3846 -0.7500
vn -0.6219 -0.4605 -0.6334
vn -0.8824 -0.2853 -0.3742
vn 0.7245 -0.3232 -0.6089
vn -0.6724 -0.4522 -0.5860
vn -0.9622 -0.0131 0.2722
vn 0.2205 0.4248 0.8780
vn 0.8535 0.2693 0.4461
vn -0.8411 -0.2985 -0.4511
vn -0.5102 -0.4111 -0.7555
vn 0.5105 0.3949 0.7638
vn 0.2442 0.5861 0.7726
vn 0.7808 -0.3297 -0.5307
vn -0.7241 -0.4686 -0.5060
vn -0.9110 0.4091 0.0514
vn -0.9692 -0.2454 0.0217
vn 0.9140 0.1795 0.3640
vn -0.8101 -0.4107 -0.4185
vn 0.6963 0.3258 0.6396
vn 0.7172 -0.2029 -0.6667
vn -0.6507 -0.4995 -0.5720
vn -0.9261 -0.2389 0.2921
vn 0.2228 0.2609 0.9393
vn 0.9348 0.2791 0.2196
vn -0.9208 -0.3151 -0.2300
vn -0.6291 -0.3523 -0.6929
vn 0.6419 0.3304 0.6920
vn -0.9976 -0.0686 0.0126
vn -1.0000 -0.0080 0.0046
vn 0.9978 0.0656 -0.0121
vn 0.9998 0.0208 -0.0063
vn -0.9937 -0.1108 0.0185
vn 0.9972 0.0730 -0.0141
vn -0.7306 0.6775 -0.0855
vn 0.6733 0.7327 -0.0988
vn 0.9227 0.3806 -0.0614
vn 0.9615 0.2701 -0.0499
vn 0.9903 0.1365 -0.0243
vn -0.9997 0.0123 -0.0204
vn 0.9991 -0.0286 0.0305
vn -0.9909 0.1078 -0.0806
vn 0.9794 -0.1701 0.1092
vn -0.9689 -0.2452 0.0339
vn 0.9835 0.1790 -0.0264
vn -0.9110 -0.4086 0.0559
vn 0.9325 0.3576 -0.0504
vn -0.9917 -0.1267 0.0202
vn 0.9983 0.0571 -0.0124
vn -0.9169 -0.3224 0.2354
vn -0.9228 -0.3644 -0.1253
vn -0.9325 -0.3571 0.0545
vn -0.9429 -0.2960 -0.1529
vn -0.9385 -0.2308 0.2568
vn -0.9553 -0.2349 -0.1795
vn -0.9561 -0.1374 0.2589
vn -0.9870 -0.1574 0.0312
vt 0.375000 0.125000
vt 0.625000 0.125000
vt 0.625000 0.250000
vt 0.375000 0.250000
vt 0.625000 0.500000
vt 0.375000 0.500000
vt 0.375000 0.625000
vt 0.625000 0.625000
vt 0.625000 0.750000
vt 0.375000 0.750000
vt 0.625000 1.000000
vt 0.375000 1.000000
vt 0.375000 0.625000
vt 0.625000 0.625000
vt 0.375000 0.125000
vt 0.875000 0.625000
vt 0.875000 0.750000
vt 0.625000 0.000000
vt 0.375000 0.250000
vt 0.375000 0.625000
vt 0.375000 0.625000
vt 0.375000 0.625000
vt 0.375000 0.625000
vt 0.375000 0.125000
vt 0.375000 0.000000
vt 0.375000 0.125000
vt 0.375000 0.125000
vt 0.375000 0.750000
vt 0.375000 0.750000
vt 0.375000 0.750000
vt 0.375000 0.125000
vt 0.375000 0.000000
vt 0.375000 0.000000
vt 0.375000 0.750000
vt 0.375000 1.000000
vt 0.375000 0.875000
vt 0.375000 0.625000
vt 0.875000 0.500000
vt 0.375000 0.163935
vt 0.375000 0.089229
vt 0.375000 0.090273
vt 0.375000 0.155717
vt 0.375000 0.153475
vt 0.375000 0.096277
s 1
f 459/231/455 460/232/456 310/233/307 309/234/306
f 309/234/306 310/233/307 314/235/311 313/236/310
f 461/237/457 462/238/458 312/239/309 311/240/308
f 311/240/308 312/239/309 308/241/305 307/242/304
f 461/237/457 311/240/308 317/240/314 464/243/460
f 462/238/458 314/235/311 322/235/319 466/244/462
f 348/240/345 347/242/344 323/242/320 325/240/322
f 311/240/308 307/242/304 315/242/312 317/240/314
f 309/234/306 313/236/310 318/236/315 316/234/313
f 459/231/455 309/234/306 316/234/313 463/245/459
f 466/244/462 465/246/461 319/247/316 321/239/318
f 460/232/456 308/248/305 319/248/316 465/232/461
f 308/241/305 312/239/309 321/239/318 319/241/316
f 314/235/311 310/233/307 320/233/317 322/235/319
f 324/234/321 326/236/323 330/236/327 328/234/325
f 350/249/347 349/236/346 326/236/323 324/234/321
f 477/250/473 348/240/345 325/240/322 467/251/463
f 468/252/464 329/240/326 333/240/330 469/253/465
f 467/251/463 325/240/322 329/240/326 468/252/464
f 325/240/322 323/242/320 327/242/324 329/240/326
f 469/253/465 333/240/330 337/240/334 471/251/467
f 329/240/326 327/242/324 331/242/328 333/240/330
f 328/234/325 330/236/327 334/236/331 332/234/329
f 471/251/467 337/240/334 341/240/338 473/251/469
f 333/240/330 331/242/328 335/242/332 337/240/334
f 332/234/329 334/236/331 338/236/335 336/234/333
f 340/234/337 342/236/339 343/234/340
f 470/254/466 336/234/333 340/234/337 472/245/468
f 337/240/334 335/242/332 339/242/336 341/240/338
f 336/234/333 338/236/335 342/236/339 340/234/337
f 390/234/387 391/236/388 351/236/348 345/234/342
f 342/236/339 473/251/469 341/240/338 343/236/340
f 339/255/336 472/245/468 340/234/337 343/255/340
f 341/240/338 339/242/336 343/240/340
f 474/256/470 345/234/342 350/249/347 476/257/472
f 475/253/471 346/258/343 348/240/345 477/250/473
f 345/234/342 351/236/348 349/236/346 350/249/347
f 346/258/343 344/242/341 347/242/344 348/240/345
f 450/259/446 443/260/439 353/240/350 413/258/410
f 479/253/475 389/258/386 346/258/343 475/253/471
f 478/261/474 390/234/387 345/234/342 474/256/470
f 355/242/352 354/258/351 358/258/355 359/242/356
f 447/255/443 445/255/441 355/255/352 394/262/391
f 445/242/441 444/258/440 354/258/351 355/242/352
f 443/260/439 446/242/442 352/242/349 353/240/350
f 414/240/411 357/240/354 361/240/358 415/240/412
f 353/240/350 352/242/349 356/242/353 357/240/354
f 394/262/391 355/255/352 359/255/356 396/255/393
f 413/258/410 353/240/350 357/240/354 414/240/411
f 398/255/395 363/255/360 367/255/364 400/255/397
f 359/242/356 358/258/355 362/258/359 363/242/360
f 357/240/354 356/242/353 360/242/357 361/240/358
f 396/255/393 359/255/356 363/255/360 398/255/395
f 367/242/364 366/258/363 370/258/367 371/242/368
f 415/240/412 361/240/358 365/240/362 416/260/413
f 363/242/360 362/258/359 366/258/363 367/242/364
f 361/240/358 360/242/357 364/242/361 365/240/362
f 417/240/414 369/240/366 373/240/370 418/258/415
f 365/240/362 364/242/361 368/242/365 369/240/366
f 400/255/397 367/255/364 371/255/368 402/262/399
f 416/260/413 365/240/362 369/240/366 417/240/414
f 452/242/448 451/260/447 378/258/375 379/242/376
f 371/242/368 370/258/367 374/258/371 375/242/372
f 369/240/366 368/242/365 372/242/369 373/240/370
f 402/262/399 371/255/368 375/255/372 404/255/401
f 436/242/432 435/260/431 382/258/379 383/242/380
f 454/240/450 453/242/449 376/242/373 377/240/374
f 456/262/452 452/263/448 379/255/376 406/255/403
f 458/240/454 454/240/450 377/240/374 419/264/416
f 383/242/380 382/258/379 386/258/383 387/242/384
f 438/240/434 437/242/433 380/242/377 381/240/378
f 440/262/436 436/255/432 383/255/380 408/255/405
f 442/264/438 438/240/434 381/240/378 420/240/417
f 423/265/420 422/266/419 388/242/385
f 381/240/378 380/242/377 384/242/381 385/240/382
f 408/255/405 383/255/380 387/255/384 410/255/407
f 420/240/417 381/240/378 385/240/382 421/260/418
f 385/240/382 384/242/381 388/240/385
f 384/255/381 434/255/430 410/255/407 387/255/384 423/255/420 388/255/385
f 382/258/379 407/258/404 409/258/406 386/258/383
f 433/255/429 408/255/405 410/255/407 434/255/430
f 435/260/431 439/258/435 407/258/404 382/258/379
f 441/255/437 440/262/436 408/255/405 433/255/429
f 451/260/447 455/260/451 405/260/402 378/258/375
f 457/255/453 456/262/452 406/255/403 432/255/428
f 430/255/426 402/262/399 404/255/401 431/262/427
f 366/258/363 399/258/396 401/258/398 370/258/367
f 429/255/425 400/255/397 402/262/399 430/255/426
f 370/258/367 401/258/398 403/260/400 374/258/371
f 362/258/359 397/240/394 399/258/396 366/258/363
f 427/255/423 396/255/393 398/255/395 428/262/424
f 428/262/424 398/255/395 400/255/397 429/255/425
f 354/258/351 393/258/390 395/258/392 358/258/355
f 426/262/422 394/262/391 396/255/393 427/255/423
f 358/258/355 395/258/392 397/240/394 362/258/359
f 449/255/445 447/255/443 394/262/391 426/262/422
f 481/261/474 412/234/409 390/234/387 478/261/474
f 480/267/475 411/258/408 389/258/386 479/253/475
f 444/258/440 448/258/444 393/258/390 354/258/351
f 412/234/409 424/236/388 391/236/388 390/234/387
f 316/234/313 318/236/315 424/236/388 412/234/409
f 464/243/460 317/240/314 411/258/408 480/267/475
f 463/245/459 316/234/313 412/234/409 481/261/474
f 446/255/442 449/255/445 426/262/422 352/255/349
f 352/255/349 426/262/422 427/255/423 356/255/353
f 360/255/357 428/262/424 429/255/425 364/255/361
f 356/255/353 427/255/423 428/262/424 360/255/357
f 364/255/361 429/255/425 430/255/426 368/255/365
f 368/255/365 430/255/426 431/262/427 372/255/369
f 453/255/449 457/255/453 432/255/428 376/255/373
f 437/262/433 441/255/437 433/255/429 380/255/377
f 380/255/377 433/255/429 434/255/430 384/255/381
f 407/258/404 420/240/417 421/260/418 409/258/406
f 387/242/384 386/258/383 422/266/419 423/265/420
f 439/258/435 442/264/438 420/240/417 407/258/404
f 455/260/451 458/240/454 419/264/416 405/260/402
f 399/258/396 416/260/413 417/240/414 401/258/398
f 401/258/398 417/240/414 418/258/415 403/260/400
f 397/240/394 415/240/412 416/260/413 399/258/396
f 393/258/390 413/258/410 414/240/411 395/258/392
f 395/258/392 414/240/411 415/240/412 397/240/394
f 448/258/444 450/259/446 413/258/410 393/258/390
f 386/258/383 409/258/406 421/260/418 385/240/382 388/258/385 422/258/419
f 405/260/402 419/264/416 442/264/438 439/258/435
f 376/255/373 432/255/428 441/255/437 437/262/433
f 432/255/428 406/255/403 440/262/436 441/255/437
f 378/258/375 405/260/402 439/258/435 435/260/431
f 419/264/416 377/240/374 438/240/434 442/264/438
f 406/255/403 379/255/376 436/255/432 440/262/436
f 377/240/374 376/242/373 437/242/433 438/240/434
f 379/242/376 378/258/375 435/260/431 436/242/432
f 389/258/386 411/258/408 450/259/446 448/258/444
f 315/255/312 425/255/421 449/255/445 446/255/442
f 346/258/343 389/258/386 448/258/444 444/258/440
f 425/255/421 392/263/389 447/255/443 449/255/445
f 317/240/314 315/242/312 446/242/442 443/260/439
f 344/242/341 346/258/343 444/258/440 445/242/441
f 392/263/389 344/255/341 445/255/441 447/255/443
f 411/258/408 317/240/314 443/260/439 450/259/446
f 403/260/400 418/258/415 458/240/454 455/260/451
f 372/255/369 431/262/427 457/255/453 453/255/449
f 431/262/427 404/255/401 456/262/452 457/255/453
f 374/258/371 403/260/400 455/260/451 451/260/447
f 418/258/415 373/240/370 454/240/450 458/240/454
f 404/255/401 375/255/372 452/263/448 456/262/452
f 373/240/370 372/242/369 453/242/449 454/240/450
f 375/242/372 374/258/371 451/260/447 452/242/448
f 315/255/312 463/245/459 481/261/474 425/255/421
f 318/236/315 464/243/460 480/267/475 424/236/388
f 424/236/388 480/267/475 479/253/475 391/236/388
f 425/255/421 481/261/474 478/261/474 392/263/389
f 392/263/389 478/261/474 474/256/470 344/255/341
f 391/236/388 479/253/475 475/253/471 351/236/348
f 351/236/348 475/253/471 477/250/473 349/236/346
f 344/255/341 474/256/470 476/257/472 347/255/344
f 335/255/332 470/254/466 472/245/468 339/255/336
f 338/236/335 471/251/467 473/251/469 342/236/339
f 334/236/331 469/253/465 471/251/467 338/236/335
f 326/236/323 467/251/463 468/252/464 330/236/327
f 330/236/327 468/252/464 469/253/465 334/236/331
f 349/236/346 477/250/473 467/251/463 326/236/323
f 310/233/307 460/232/456 465/232/461 320/233/317
f 322/235/319 320/268/317 465/246/461 466/244/462
f 307/255/304 459/231/455 463/245/459 315/255/312
f 312/239/309 462/238/458 466/244/462 321/239/318
f 313/236/310 461/237/457 464/243/460 318/236/315
f 313/236/310 314/235/311 462/238/458 461/237/457
f 307/255/304 308/248/305 460/232/456 459/231/455
f 482/269/476 483/270/477 484/261/478
f 487/271/481 488/272/482 489/261/483
f 486/273/480 488/272/482 487/271/481 485/274/479
f 482/269/476 486/273/480 485/274/479 483/270/477
f 347/255/344 476/257/472 484/261/478 483/270/477 323/255/320
f 482/269/476 324/234/321 328/234/325 486/273/480
f 323/255/320 483/270/477 485/274/479 327/255/324
f 476/257/472 350/249/347 324/234/321 482/269/476 484/261/478
f 486/273/480 328/234/325 332/234/329 488/272/482
f 327/255/324 485/274/479 487/271/481 331/255/328
f 489/261/483 488/272/482 332/234/329 336/234/333 470/254/466
f 331/255/328 487/271/481 489/261/483 470/254/466 335/255/332
o Cube.006
v -0.189506 0.223493 -0.135854
v -0.174362 0.206548 -0.140713
v -0.178074 0.228089 -0.116250
v -0.162930 0.211144 -0.121109
v -0.192287 0.219652 -0.133332
v -0.177143 0.202707 -0.138191
v -0.180855 0.224249 -0.113728
v -0.165710 0.207303 -0.118587
v -0.131364 0.151192 -0.149191
v -0.123990 0.155562 -0.134405
v -0.133417 0.148357 -0.147329
v -0.126042 0.152727 -0.132543
v -0.064154 0.073445 -0.154735
v -0.060510 0.075604 -0.147430
v -0.067041 0.069456 -0.152115
v -0.063398 0.071615 -0.144811
v -0.019809 0.001483 -0.155852
v -0.016165 0.003642 -0.148548
v -0.022696 -0.002506 -0.153232
v -0.019053 -0.000347 -0.145928
v -0.231398 0.260347 -0.111102
v -0.217821 0.261772 -0.092400
v -0.234271 0.256484 -0.108722
v -0.220695 0.257909 -0.090020
v -0.256116 0.275214 -0.095356
v -0.242539 0.276639 -0.076654
v -0.258989 0.271351 -0.092976
v -0.245412 0.272776 -0.074274
v -0.265652 0.291076 -0.085463
v -0.261106 0.283123 -0.064198
v -0.269783 0.287666 -0.085855
v -0.265236 0.279713 -0.064590
v -0.279985 0.309150 -0.071609
v -0.282571 0.296193 -0.052595
v -0.284205 0.306701 -0.073852
v -0.286791 0.293743 -0.054838
v -0.287254 0.334094 -0.059548
v -0.301931 0.318396 -0.050928
v -0.291176 0.336060 -0.062645
v -0.305853 0.320363 -0.054025
v -0.292893 0.343578 -0.036145
v -0.312720 0.348781 -0.025379
v -0.294818 0.345670 -0.040702
v -0.314645 0.350873 -0.029935
v -0.273438 0.371131 0.021912
v -0.295834 0.374555 0.026691
v -0.274396 0.372112 0.016719
v -0.296792 0.375536 0.021499
v -0.276417 0.395955 0.062575
v -0.290436 0.394987 0.060236
v -0.275856 0.395673 0.059331
v -0.289875 0.394705 0.056992
v -0.296362 0.423694 0.089867
v -0.310458 0.336196 -0.041295
v -0.307535 0.334167 -0.037468
v -0.293206 0.341443 -0.050988
v -0.290282 0.339414 -0.047161
v -0.289190 0.321823 -0.069340
v -0.297822 0.307496 -0.055524
v -0.293750 0.307737 -0.052853
v -0.285119 0.322065 -0.066670
v -0.264386 0.279508 -0.089415
v -0.255324 0.276244 -0.069432
v -0.251822 0.279881 -0.070426
v -0.260884 0.283145 -0.090409
v -0.198937 0.242737 -0.103335
v -0.196110 0.246588 -0.105786
v -0.208614 0.243578 -0.124938
v -0.211441 0.239726 -0.122487
vn -0.0018 -0.3824 0.9240
vn -0.1000 -0.2916 0.9513
vn -0.7586 -0.6148 -0.2156
vn -0.7893 -0.5678 -0.2336
vn 0.7589 0.5848 0.2866
vn 0.7627 0.5867 0.2721
vn 0.0031 0.3866 -0.9222
vn 0.0498 0.3011 -0.9523
vn -0.1352 -0.2236 0.9653
vn -0.8030 -0.5487 -0.2328
vn 0.7555 0.5936 0.2773
vn 0.1160 0.2782 -0.9535
vn -0.2180 -0.1978 0.9557
vn -0.8075 -0.5453 -0.2250
vn 0.7849 0.5542 0.2771
vn 0.1609 0.1872 -0.9691
vn -0.4647 0.2463 0.8505
vn -0.9815 -0.0580 -0.1825
vn 0.2389 0.9373 0.2539
vn -0.2464 0.6511 -0.7179
vn 0.1380 -0.5620 0.8155
vn -0.6543 -0.6812 -0.3284
vn 0.6578 0.6653 0.3532
vn -0.1530 0.5477 -0.8225
vn 0.1697 -0.5589 0.8117
vn -0.6609 -0.6542 -0.3676
vn 0.6865 0.6452 0.3354
vn -0.1065 0.5704 -0.8145
vn -0.3415 -0.7850 0.5168
vn -0.6553 -0.1584 -0.7386
vn 0.6282 0.2039 0.7509
vn 0.3392 0.8082 -0.4814
vn -0.6583 -0.6962 0.2863
vn -0.3829 0.0080 -0.9238
vn 0.4985 0.0521 0.8653
vn 0.6466 0.6521 -0.3959
vn -0.9326 -0.3565 -0.0572
vn 0.0585 0.5293 -0.8464
vn 0.0203 -0.6102 0.7920
vn 0.9560 0.1832 0.2294
vn -0.8238 0.4880 -0.2885
vn 0.6515 0.5723 -0.4981
vn -0.3180 -0.8014 0.5066
vn 0.8434 -0.4847 0.2320
vn -0.7711 0.5697 -0.2842
vn 0.7055 0.5504 -0.4465
vn -0.7068 -0.5414 0.4554
vn 0.6756 -0.7194 0.1611
vn -0.7619 0.2697 -0.5888
vn 0.7011 0.6063 -0.3751
vn -0.7093 -0.6253 0.3255
vn 0.6207 -0.6834 0.3842
vn 0.2999 -0.6547 -0.6938
vn 0.9714 -0.0423 0.2338
vn 0.2060 0.7378 -0.6428
vn -0.0794 -0.8437 0.5309
vn -0.9302 -0.1242 -0.3453
vn 0.1896 -0.1730 0.9665
vn 0.8879 0.4581 -0.0411
vn -0.1477 0.1211 -0.9816
vn -0.8780 -0.4634 0.1198
vn 0.7129 0.4543 0.5342
vn 0.0924 0.7236 -0.6840
vn -0.7056 -0.4705 -0.5299
vn -0.0841 -0.7071 0.7021
vn -0.1126 0.4727 -0.8740
vn -0.7158 -0.6477 -0.2610
vn 0.0667 -0.5064 0.8597
vn 0.7220 0.6181 0.3110
vt 0.440343 0.745624
vt 0.439455 0.728465
vt 0.456988 0.727175
vt 0.457988 0.745375
vt 0.467989 0.307391
vt 0.465717 0.328242
vt 0.460982 0.328260
vt 0.463076 0.307028
vt 0.440839 0.326519
vt 0.442072 0.306375
vt 0.436244 0.745798
vt 0.435403 0.728154
vt 0.470272 0.282241
vt 0.465605 0.281370
vt 0.466066 0.254885
vt 0.470540 0.256128
vt 0.452027 0.388862
vt 0.436909 0.388163
vt 0.435634 0.675332
vt 0.432638 0.674911
vt 0.430239 0.596743
vt 0.434586 0.597605
vt 0.448840 0.674727
vt 0.455532 0.388670
vt 0.434205 0.479108
vt 0.442219 0.480025
vt 0.430504 0.536626
vt 0.424778 0.539691
vt 0.446559 0.479518
vt 0.440652 0.597084
vt 0.433923 0.538903
vt 0.428460 0.542466
vt 0.439141 0.791438
vt 0.443012 0.790473
vt 0.442401 0.815940
vt 0.438305 0.816792
vt 0.442477 0.767316
vt 0.459889 0.767128
vt 0.460387 0.789762
vt 0.445219 0.280616
vt 0.446295 0.253853
vt 0.438543 0.768010
vt 0.465066 0.216255
vt 0.445864 0.217226
vt 0.445184 0.208512
vt 0.464358 0.206472
vt 0.466304 0.226287
vt 0.470690 0.227745
vt 0.446390 0.225958
vt 0.460392 0.814831
vt 0.441943 0.832147
vt 0.446105 0.832033
vt 0.448061 0.854063
vt 0.443618 0.853332
vt 0.444465 0.824024
vt 0.461539 0.823476
vt 0.463531 0.832040
vt 0.440529 0.824362
vt 0.469230 0.217886
vt 0.468514 0.207853
vt 0.459913 0.171848
vt 0.440963 0.170667
vt 0.437376 0.156488
vt 0.456835 0.159591
vt 0.464047 0.185125
vt 0.468382 0.185342
vt 0.444992 0.185169
vt 0.467098 0.852258
vt 0.447634 0.866939
vt 0.464651 0.863752
vt 0.464845 0.873703
vt 0.448121 0.878116
vt 0.443830 0.866787
vt 0.444226 0.878866
vt 0.464056 0.172623
vt 0.460980 0.161191
vt 0.464194 0.143193
vt 0.459586 0.142693
vt 0.461388 0.129224
vt 0.464998 0.127999
vt 0.441402 0.145199
vt 0.444783 0.135577
vt 0.452414 0.887694
vt 0.468249 0.889290
vt 0.475016 0.902107
vt 0.455604 0.897158
vt 0.448382 0.887583
vt 0.451652 0.895358
vt 0.484118 0.947786
vt 0.467821 0.948722
vt 0.465069 0.946748
vt 0.471159 0.081804
vt 0.474641 0.078583
vt 0.449446 0.079548
vt 0.483268 0.975155
vt 0.475016 0.975861
vt 0.473638 0.974538
vt 0.477829 0.041346
vt 0.479999 0.038838
vt 0.464867 0.036883
vt 0.478485 0.999976
vt 0.484118 0.000024
s 1
f 490/275/484 491/276/485 493/277/487 492/278/486
f 492/279/486 493/280/487 497/281/491 496/282/490
f 496/282/490 497/281/491 495/283/489 494/284/488
f 494/285/488 495/286/489 491/276/485 490/275/484
f 556/287/550 555/288/549 513/289/507 511/290/505
f 495/283/489 497/281/491 501/291/495 500/292/494
f 498/293/492 500/294/494 504/295/498 502/296/496
f 493/277/487 491/276/485 498/293/492 499/297/493
f 491/276/485 495/286/489 500/294/494 498/293/492
f 497/281/491 493/280/487 499/298/493 501/291/495
f 504/299/498 505/300/499 509/301/503 508/302/502
f 501/291/495 499/298/493 503/303/497 505/300/499
f 500/292/494 501/291/495 505/300/499 504/299/498
f 499/297/493 498/293/492 502/296/496 503/304/497
f 509/301/503 507/305/501 506/306/500 508/302/502
f 503/304/497 502/296/496 506/306/500 507/305/501
f 502/296/496 504/295/498 508/302/502 506/306/500
f 505/300/499 503/303/497 507/305/501 509/301/503
f 512/307/506 510/308/504 514/309/508 516/310/510
f 557/311/551 556/312/550 511/313/505 510/308/504
f 555/288/549 558/314/552 512/315/506 513/289/507
f 558/316/552 557/311/551 510/308/504 512/307/506
f 552/317/546 551/318/545 520/319/514 521/320/515
f 511/290/505 513/289/507 517/321/511 515/322/509
f 513/289/507 512/315/506 516/323/510 517/321/511
f 510/308/504 511/313/505 515/324/509 514/309/508
f 520/325/514 518/326/512 522/327/516 524/328/518
f 554/329/548 553/330/547 519/331/513 518/326/512
f 551/332/545 554/329/548 518/326/512 520/325/514
f 553/333/547 552/317/546 521/320/515 519/334/513
f 548/335/542 547/336/541 528/337/522 529/338/523
f 519/334/513 521/320/515 525/339/519 523/340/517
f 521/320/515 520/319/514 524/341/518 525/339/519
f 518/326/512 519/331/513 523/342/517 522/327/516
f 550/343/544 549/344/543 527/345/521 526/346/520
f 547/347/541 550/343/544 526/346/520 528/348/522
f 549/349/543 548/335/542 529/338/523 527/350/521
f 544/351/538 543/352/537 533/353/527 531/354/525
f 543/352/537 545/355/539 532/356/526 533/353/527
f 546/357/540 544/358/538 531/359/525 530/360/524
f 545/361/539 546/357/540 530/360/524 532/362/526
f 530/360/524 531/359/525 535/363/529 534/364/528
f 532/362/526 530/360/524 534/364/528 536/365/530
f 531/354/525 533/353/527 537/366/531 535/367/529
f 533/353/527 532/356/526 536/368/530 537/366/531
f 534/364/528 535/363/529 539/369/533 538/370/532
f 536/365/530 534/364/528 538/370/532 540/371/534
f 535/367/529 537/366/531 541/372/535 539/373/533
f 537/366/531 536/368/530 540/374/534 541/372/535
f 540/371/534 538/370/532 542/375/536
f 539/373/533 541/372/535 542/376/536
f 541/372/535 540/374/534 542/376/536
f 538/370/532 539/369/533 542/375/536
f 528/348/522 526/346/520 546/357/540 545/361/539
f 526/346/520 527/345/521 544/358/538 546/357/540
f 529/338/523 528/337/522 545/355/539 543/352/537
f 527/350/521 529/338/523 543/352/537 544/351/538
f 523/340/517 525/339/519 548/335/542 549/349/543
f 524/328/518 522/327/516 550/343/544 547/347/541
f 522/327/516 523/342/517 549/344/543 550/343/544
f 525/339/519 524/341/518 547/336/541 548/335/542
f 515/322/509 517/321/511 552/317/546 553/333/547
f 516/310/510 514/309/508 554/329/548 551/332/545
f 514/309/508 515/324/509 553/330/547 554/329/548
f 517/321/511 516/323/510 551/318/545 552/317/546
f 494/285/488 490/275/484 557/311/551 558/316/552
f 496/282/490 494/284/488 558/314/552 555/288/549
f 490/275/484 492/278/486 556/312/550 557/311/551
f 492/279/486 496/282/490 555/288/549 556/287/550
o Cube.007
v -0.018591 0.519540 -0.094423
v -0.013763 0.475802 -0.102722
v -0.006323 0.517120 -0.074528
v -0.001495 0.473382 -0.082827
v -0.023072 0.516894 -0.091982
v -0.018244 0.473156 -0.100280
v -0.010804 0.514473 -0.072087
v -0.005976 0.470735 -0.080386
v -0.003850 0.341009 -0.121562
v 0.004757 0.341958 -0.106344
v -0.007158 0.339056 -0.119760
v 0.001450 0.340004 -0.104542
v 0.016055 0.145188 -0.142008
v 0.020307 0.145657 -0.134490
v 0.011401 0.142440 -0.139472
v 0.015653 0.142908 -0.131955
v 0.018533 -0.016080 -0.155168
v 0.022786 -0.015611 -0.147650
v 0.013880 -0.018828 -0.152632
v 0.018132 -0.018360 -0.145115
v -0.037247 0.626414 -0.060821
v -0.024689 0.616559 -0.042410
v -0.041820 0.623813 -0.058522
v -0.029262 0.613958 -0.040110
v -0.051805 0.678843 -0.040577
v -0.039247 0.668988 -0.022165
v -0.056377 0.676242 -0.038277
v -0.043819 0.666387 -0.019866
v -0.052268 0.715505 -0.027660
v -0.052597 0.701111 -0.006829
v -0.057690 0.714586 -0.028083
v -0.058018 0.700192 -0.007252
v -0.055915 0.761412 -0.009948
v -0.065130 0.746595 0.008614
v -0.060898 0.761836 -0.012181
v -0.070112 0.747019 0.006381
v -0.049724 0.810168 0.006039
v -0.070962 0.802711 0.014555
v -0.052161 0.817075 0.003385
v -0.073399 0.809618 0.011901
v -0.050180 0.834509 0.031951
v -0.065287 0.865751 0.045498
v -0.050756 0.839235 0.027616
v -0.065864 0.870477 0.041162
v -0.019494 0.864868 0.093712
v -0.037719 0.895256 0.101058
v -0.019773 0.866709 0.088504
v -0.037998 0.897097 0.095851
v -0.009932 0.912845 0.139064
v -0.022868 0.926227 0.137767
v -0.009534 0.911330 0.135607
v -0.022471 0.924712 0.134310
v -0.013784 0.981929 0.172337
v -0.069529 0.841279 0.027328
v -0.068023 0.835463 0.030823
v -0.051357 0.829386 0.016297
v -0.049850 0.823570 0.019792
v -0.057621 0.791624 -0.005351
v -0.072847 0.780487 0.008188
v -0.069137 0.776822 0.010631
v -0.053911 0.787958 -0.002908
v -0.057034 0.695414 -0.033180
v -0.050919 0.683290 -0.013559
v -0.045922 0.685050 -0.014497
v -0.052037 0.697174 -0.034118
v -0.017526 0.564612 -0.057596
v -0.012999 0.567236 -0.059967
v -0.025412 0.573373 -0.079119
v -0.029939 0.570750 -0.076749
vn -0.2210 -0.2535 0.9418
vn -0.2396 -0.1804 0.9540
vn -0.9730 -0.0601 -0.2231
vn -0.9710 -0.0353 -0.2364
vn 0.9627 0.0568 0.2646
vn 0.9646 0.0512 0.2587
vn 0.2242 0.2474 -0.9426
vn 0.2181 0.1994 -0.9553
vn -0.2392 -0.1415 0.9606
vn -0.9712 -0.0200 -0.2375
vn 0.9620 0.0553 0.2672
vn 0.2442 0.1676 -0.9551
vn -0.2739 -0.1009 0.9564
vn -0.9709 -0.0198 -0.2388
vn 0.9629 0.0243 0.2687
vn 0.2433 0.1171 -0.9629
vn -0.2977 0.3906 0.8711
vn -0.8995 0.4012 -0.1731
vn 0.6294 0.7208 0.2904
vn 0.0921 0.7190 -0.6889
vn -0.2418 -0.3907 0.8882
vn -0.9469 -0.1285 -0.2946
vn 0.9410 0.1264 0.3140
vn 0.2274 0.3840 -0.8949
vn -0.2604 -0.4022 0.8778
vn -0.9305 -0.1120 -0.3488
vn 0.9392 0.0911 0.3311
vn 0.2754 0.3858 -0.8805
vn -0.7605 -0.3252 0.5621
vn -0.6392 0.1527 -0.7537
vn 0.6299 -0.1356 0.7648
vn 0.7402 0.3531 -0.5722
vn -0.9371 -0.1755 0.3017
vn -0.3525 0.1643 -0.9213
vn 0.3882 -0.1860 0.9026
vn 0.9055 0.1669 -0.3902
vn -0.9826 0.1577 -0.0984
vn 0.2600 0.3158 -0.9125
vn -0.3356 -0.4227 0.8418
vn 0.9358 -0.2026 0.2884
vn -0.5984 0.6087 -0.5210
vn 0.8698 0.1476 -0.4708
vn -0.6930 -0.3327 0.6396
vn 0.4430 -0.7891 0.4255
vn -0.3900 0.7704 -0.5044
vn 0.8871 0.0932 -0.4520
vn -0.9013 -0.0851 0.4247
vn 0.2740 -0.8766 0.3957
vn -0.4527 0.4804 -0.7512
vn 0.9168 0.1101 -0.3840
vn -0.9329 -0.1454 0.3295
vn 0.2526 -0.7365 0.6275
vn -0.0422 -0.8677 -0.4953
vn 0.8124 -0.3985 0.4257
vn 0.5616 0.3820 -0.7340
vn -0.5386 -0.4917 0.6842
vn -0.8561 0.2632 -0.4448
vn 0.0304 -0.2045 0.9784
vn 0.9994 -0.0171 -0.0317
vn -0.0902 0.1625 -0.9826
vn -0.9954 0.0190 0.0940
vn 0.8440 -0.0207 0.5359
vn 0.4937 0.3860 -0.7793
vn -0.8512 0.0112 -0.5248
vn -0.5187 -0.3812 0.7653
vn 0.2059 0.3283 -0.9218
vn -0.9640 -0.0905 -0.2499
vn -0.2401 -0.3345 0.9113
vn 0.9556 0.0843 0.2823
vt 0.050049 0.763401
vt 0.046082 0.744158
vt 0.056393 0.741941
vt 0.060257 0.761651
vt 0.062038 0.278445
vt 0.057797 0.300903
vt 0.054921 0.301232
vt 0.059110 0.278648
vt 0.043292 0.299027
vt 0.047351 0.276854
vt 0.047511 0.763256
vt 0.043542 0.743877
vt 0.067343 0.251892
vt 0.064388 0.251888
vt 0.068392 0.224377
vt 0.071348 0.224514
vt 0.040404 0.367181
vt 0.031576 0.366750
vt 0.033229 0.684540
vt 0.031338 0.684269
vt 0.014170 0.596625
vt 0.016965 0.597125
vt 0.041106 0.683885
vt 0.042544 0.366882
vt 0.016090 0.467101
vt 0.020890 0.467574
vt 0.003527 0.531278
vt 0.000033 0.532707
vt 0.023580 0.467132
vt 0.020656 0.596760
vt 0.005719 0.532361
vt 0.002616 0.534344
vt 0.056489 0.813028
vt 0.059104 0.812908
vt 0.062640 0.839361
vt 0.059965 0.839406
vt 0.055075 0.787618
vt 0.065286 0.784693
vt 0.069347 0.808712
vt 0.052670 0.248820
vt 0.056736 0.219823
vt 0.052506 0.787620
vt 0.072766 0.184488
vt 0.061206 0.180097
vt 0.061545 0.169766
vt 0.073397 0.174725
vt 0.072276 0.194532
vt 0.075239 0.194746
vt 0.060460 0.190236
vt 0.073064 0.834871
vt 0.064744 0.856984
vt 0.067236 0.856785
vt 0.071841 0.878998
vt 0.069333 0.879302
vt 0.065084 0.848175
vt 0.074790 0.843232
vt 0.077229 0.851416
vt 0.062629 0.848205
vt 0.075481 0.184955
vt 0.076055 0.175311
vt 0.076091 0.134136
vt 0.065456 0.128763
vt 0.066240 0.114677
vt 0.076914 0.119672
vt 0.076003 0.150559
vt 0.078641 0.151132
vt 0.064884 0.144681
vt 0.082097 0.873061
vt 0.073873 0.892101
vt 0.082947 0.886625
vt 0.085540 0.897878
vt 0.076200 0.902977
vt 0.071638 0.893593
vt 0.074042 0.905681
vt 0.078286 0.136040
vt 0.078859 0.122927
vt 0.084905 0.106028
vt 0.082701 0.103484
vt 0.086727 0.090217
vt 0.089233 0.091081
vt 0.070374 0.106540
vt 0.073550 0.099416
vt 0.080376 0.910643
vt 0.091577 0.913278
vt 0.101763 0.925812
vt 0.083756 0.918149
vt 0.077980 0.912520
vt 0.080719 0.918749
vt 0.107558 0.954741
vt 0.094081 0.950870
vt 0.092133 0.950382
vt 0.094999 0.061782
vt 0.097425 0.060724
vt 0.075637 0.065206
vt 0.107909 0.974749
vt 0.101701 0.972527
vt 0.100647 0.971632
vt 0.101142 0.034739
vt 0.102521 0.033150
vt 0.091833 0.035970
vt 0.107521 0.999967
vt 0.107909 0.000033
s 1
f 559/377/553 560/378/554 562/379/556 561/380/555
f 561/381/555 562/382/556 566/383/560 565/384/559
f 565/384/559 566/383/560 564/385/558 563/386/557
f 563/387/557 564/388/558 560/378/554 559/377/553
f 625/389/619 624/390/618 582/391/576 580/392/574
f 564/385/558 566/383/560 570/393/564 569/394/563
f 567/395/561 569/396/563 573/397/567 571/398/565
f 562/379/556 560/378/554 567/395/561 568/399/562
f 560/378/554 564/388/558 569/396/563 567/395/561
f 566/383/560 562/382/556 568/400/562 570/393/564
f 573/401/567 574/402/568 578/403/572 577/404/571
f 570/393/564 568/400/562 572/405/566 574/402/568
f 569/394/563 570/393/564 574/402/568 573/401/567
f 568/399/562 567/395/561 571/398/565 572/406/566
f 578/403/572 576/407/570 575/408/569 577/404/571
f 572/406/566 571/398/565 575/408/569 576/407/570
f 571/398/565 573/397/567 577/404/571 575/408/569
f 574/402/568 572/405/566 576/407/570 578/403/572
f 581/409/575 579/410/573 583/411/577 585/412/579
f 626/413/620 625/414/619 580/415/574 579/410/573
f 624/390/618 627/416/621 581/417/575 582/391/576
f 627/418/621 626/413/620 579/410/573 581/409/575
f 621/419/615 620/420/614 589/421/583 590/422/584
f 580/392/574 582/391/576 586/423/580 584/424/578
f 582/391/576 581/417/575 585/425/579 586/423/580
f 579/410/573 580/415/574 584/426/578 583/411/577
f 589/427/583 587/428/581 591/429/585 593/430/587
f 623/431/617 622/432/616 588/433/582 587/428/581
f 620/434/614 623/431/617 587/428/581 589/427/583
f 622/435/616 621/419/615 590/422/584 588/436/582
f 617/437/611 616/438/610 597/439/591 598/440/592
f 588/436/582 590/422/584 594/441/588 592/442/586
f 590/422/584 589/421/583 593/443/587 594/441/588
f 587/428/581 588/433/582 592/444/586 591/429/585
f 619/445/613 618/446/612 596/447/590 595/448/589
f 616/449/610 619/445/613 595/448/589 597/450/591
f 618/451/612 617/437/611 598/440/592 596/452/590
f 613/453/607 612/454/606 602/455/596 600/456/594
f 612/454/606 614/457/608 601/458/595 602/455/596
f 615/459/609 613/460/607 600/461/594 599/462/593
f 614/463/608 615/459/609 599/462/593 601/464/595
f 599/462/593 600/461/594 604/465/598 603/466/597
f 601/464/595 599/462/593 603/466/597 605/467/599
f 600/456/594 602/455/596 606/468/600 604/469/598
f 602/455/596 601/458/595 605/470/599 606/468/600
f 603/466/597 604/465/598 608/471/602 607/472/601
f 605/467/599 603/466/597 607/472/601 609/473/603
f 604/469/598 606/468/600 610/474/604 608/475/602
f 606/468/600 605/470/599 609/476/603 610/474/604
f 609/473/603 607/472/601 611/477/605
f 608/475/602 610/474/604 611/478/605
f 610/474/604 609/476/603 611/478/605
f 607/472/601 608/471/602 611/477/605
f 597/450/591 595/448/589 615/459/609 614/463/608
f 595/448/589 596/447/590 613/460/607 615/459/609
f 598/440/592 597/439/591 614/457/608 612/454/606
f 596/452/590 598/440/592 612/454/606 613/453/607
f 592/442/586 594/441/588 617/437/611 618/451/612
f 593/430/587 591/429/585 619/445/613 616/449/610
f 591/429/585 592/444/586 618/446/612 619/445/613
f 594/441/588 593/443/587 616/438/610 617/437/611
f 584/424/578 586/423/580 621/419/615 622/435/616
f 585/412/579 583/411/577 623/431/617 620/434/614
f 583/411/577 584/426/578 622/432/616 623/431/617
f 586/423/580 585/425/579 620/420/614 621/419/615
f 563/387/557 559/377/553 626/413/620 627/418/621
f 565/384/559 563/386/557 627/416/621 624/390/618
f 559/377/553 561/380/555 625/414/619 626/413/620
f 561/381/555 565/384/559 624/390/618 625/389/619
o Cube.008
v 0.002381 0.223231 0.003543
v 0.005697 0.113251 -0.036011
v 0.002381 0.226020 -0.004519
v 0.005720 0.114741 -0.041490
v -0.003161 0.222489 0.003286
v 0.000161 0.112510 -0.036267
v -0.003161 0.225277 -0.004776
v 0.000185 0.114000 -0.041746
v -0.004704 0.328233 0.038099
v -0.004673 0.329463 0.033018
v -0.009794 0.327551 0.037863
v -0.009763 0.328781 0.032782
v 0.003687 0.001153 -0.072050
v 0.003702 0.002102 -0.075537
v 0.000163 0.000681 -0.072213
v 0.000179 0.001630 -0.075700
v -0.026376 0.410552 0.062905
v -0.026283 0.412029 0.057289
v -0.028317 0.409660 0.062597
v -0.028223 0.411137 0.056981
v -0.038403 0.459627 0.078497
v -0.038415 0.462387 0.070983
v -0.041197 0.459158 0.078334
v -0.041209 0.461918 0.070820
v -0.046402 0.512332 0.096373
v -0.046452 0.515019 0.090586
v -0.048623 0.511959 0.096244
v -0.048673 0.514646 0.090457
v -0.048620 0.536596 0.104754
v -0.048664 0.538410 0.101248
v -0.049990 0.536366 0.104675
v -0.050034 0.538180 0.101169
v -0.047571 0.551108 0.109964
v -0.047652 0.552815 0.108221
v -0.048380 0.550973 0.109917
v -0.048461 0.552679 0.108174
v -0.046176 0.562868 0.115666
v -0.006528 0.348633 0.044238
v -0.006497 0.349920 0.039022
v -0.010620 0.348085 0.044049
v -0.011900 0.368558 0.050213
v -0.014996 0.368143 0.050070
v -0.014966 0.369487 0.044718
v -0.011870 0.369902 0.044862
v -0.010590 0.349372 0.038833
v -0.001019 0.335065 0.044879
v -0.003902 0.334679 0.044745
v -0.010206 0.354853 0.048226
v -0.007889 0.355164 0.048334
v -0.002814 0.350498 0.060599
v -0.004564 0.350264 0.060518
v -0.010159 0.360822 0.051288
v -0.008752 0.361010 0.051353
v -0.001079 0.377880 0.078031
v -0.002903 0.377635 0.077947
v -0.008431 0.387561 0.067603
v -0.006965 0.387757 0.067671
v -0.000219 0.398848 0.091265
v -0.002078 0.398599 0.091179
v -0.007610 0.409474 0.078448
v -0.006115 0.409675 0.078517
v -0.001533 0.416190 0.101089
v -0.003198 0.415966 0.101012
v -0.008709 0.426340 0.087779
v -0.007370 0.426520 0.087841
v -0.007356 0.450906 0.116872
v -0.009105 0.450672 0.116791
v -0.014495 0.458120 0.106408
v -0.013088 0.458308 0.106473
v -0.011993 0.478023 0.126899
v -0.013033 0.477884 0.126851
v -0.018299 0.480591 0.120614
v -0.017462 0.480703 0.120652
v -0.015856 0.497517 0.137773
v -0.016283 0.497460 0.137754
v -0.019816 0.504918 0.137391
v -0.019473 0.504964 0.137407
v -0.019892 0.519422 0.151858
v -0.020156 0.519386 0.151846
v -0.020277 0.522073 0.151312
v -0.020064 0.522102 0.151322
v -0.018748 0.533101 0.166199
v -0.010207 0.337818 0.040956
v -0.005585 0.339691 0.036020
v -0.010176 0.339076 0.035807
v -0.005616 0.338433 0.041168
v -0.009722 0.344514 0.047215
v -0.007122 0.344862 0.047336
v -0.010030 0.355290 0.056633
v -0.008451 0.355502 0.056706
v -0.008335 0.382346 0.073505
v -0.006690 0.382566 0.073581
v -0.007512 0.403784 0.085543
v -0.005835 0.404009 0.085620
v -0.008622 0.420901 0.095125
v -0.007120 0.421102 0.095194
v -0.014468 0.454143 0.112329
v -0.012890 0.454355 0.112402
v -0.018334 0.478985 0.124462
v -0.017396 0.479111 0.124505
v -0.019758 0.503220 0.138358
v -0.019373 0.503271 0.138376
v -0.020216 0.520730 0.151579
v -0.019978 0.520762 0.151590
v -0.010000 0.332684 0.039409
v -0.005129 0.334577 0.034519
v -0.008035 0.339549 0.046117
v -0.008520 0.352730 0.058712
v -0.006842 0.379943 0.075862
v -0.006018 0.401144 0.088497
v -0.007133 0.418387 0.098205
v -0.013010 0.452360 0.114696
v -0.016907 0.478387 0.125793
v -0.018283 0.502576 0.138249
v -0.020186 0.520058 0.151712
v -0.019512 0.527587 0.158755
v -0.019406 0.527602 0.158760
v -0.009970 0.333929 0.034295
v -0.005160 0.333333 0.039634
v -0.005294 0.339916 0.046244
v -0.006856 0.352953 0.058789
v -0.005108 0.380176 0.075942
v -0.004250 0.401381 0.088579
v -0.005549 0.418599 0.098278
v -0.011346 0.452583 0.114773
v -0.015918 0.478520 0.125839
v -0.017877 0.502630 0.138267
v -0.019935 0.520092 0.151724
v -0.019058 0.492754 0.129003
v -0.018468 0.492834 0.129030
v -0.013924 0.487770 0.132336
v -0.014658 0.487672 0.132302
v -0.019046 0.491102 0.131410
v -0.018384 0.491191 0.131441
v -0.016898 0.490575 0.132053
v -0.017595 0.490481 0.132021
v -0.006848 0.331115 0.041304
v -0.010413 0.351469 0.046137
v -0.007208 0.351898 0.046286
v -0.002862 0.331649 0.041489
v -0.006369 0.341647 0.044252
v -0.009965 0.341166 0.044086
v -0.005227 0.336625 0.042939
v -0.009018 0.336117 0.042763
v -0.016397 0.469355 0.113511
v -0.015275 0.469505 0.113563
v -0.009674 0.464465 0.121886
v -0.011069 0.464278 0.121821
v -0.016401 0.466564 0.118395
v -0.015143 0.466733 0.118454
v -0.013632 0.465552 0.120306
v -0.014958 0.465374 0.120244
v 0.002381 0.224625 -0.000488
v 0.005708 0.113996 -0.038750
v -0.003161 0.223883 -0.000745
v 0.000173 0.113255 -0.039007
v -0.004689 0.328848 0.035558
v -0.009778 0.328166 0.035323
v 0.003694 0.001628 -0.073793
v 0.000171 0.001156 -0.073957
v -0.028270 0.410399 0.059789
v -0.041203 0.460538 0.074577
v -0.048648 0.513302 0.093351
v -0.048642 0.537503 0.103001
v -0.050012 0.537273 0.102922
v -0.047612 0.551962 0.109092
v -0.048420 0.551826 0.109046
v -0.006512 0.349277 0.041630
v -0.010605 0.348728 0.041441
v -0.011885 0.369230 0.047537
v -0.014981 0.368815 0.047394
v -0.005601 0.339062 0.038594
v -0.010192 0.338447 0.038382
v -0.009985 0.333307 0.036852
v -0.005145 0.333955 0.037076
v -0.027215 0.411520 0.059222
v -0.027242 0.411059 0.060977
v -0.027174 0.410054 0.059728
v -0.039723 0.460690 0.075603
v -0.039729 0.461322 0.073884
v -0.047653 0.513302 0.094284
v -0.047673 0.514044 0.092686
v -0.048163 0.515036 0.094024
vn 0.7070 -0.1986 0.6788
vn 0.7147 -0.2219 0.6633
vn 0.7073 0.2632 -0.6561
vn 0.7115 0.2167 -0.6685
vn -0.7000 -0.2621 0.6643
vn -0.7089 -0.2363 0.6645
vn -0.6997 0.2045 -0.6846
vn -0.6983 0.2064 -0.6854
vn 0.7841 -0.3129 0.5359
vn 0.7155 0.2667 -0.6457
vn -0.7492 -0.3364 0.5705
vn -0.7143 0.1852 -0.6749
vn 0.6065 -0.6807 0.4107
vn 0.6091 -0.3551 -0.7091
vn -0.5439 -0.7543 0.3677
vn -0.5340 -0.4385 -0.7229
vn 0.7641 0.0334 0.6443
vn 0.7730 0.3790 -0.5088
vn -0.6929 -0.3881 0.6077
vn -0.6814 0.0124 -0.7318
vn 0.8165 -0.0243 0.5769
vn 0.8095 0.3199 -0.4923
vn -0.7114 -0.3445 0.6126
vn -0.6927 0.0939 -0.7151
vn 0.8199 -0.1009 0.5635
vn 0.8051 0.3035 -0.5096
vn -0.7136 -0.2902 0.6376
vn -0.7104 0.2064 -0.6729
vn 0.7503 -0.2197 0.6236
vn 0.7192 0.2941 -0.6295
vn -0.7167 -0.2196 0.6619
vn -0.7342 0.3041 -0.6070
vn 0.7346 -0.3227 0.5968
vn 0.6469 0.3520 -0.6765
vn -0.6938 -0.1895 0.6948
vn -0.7194 0.4325 -0.5435
vn 0.1419 0.8470 0.5122
vn 0.9743 0.1620 0.1567
vn 0.7167 0.3088 -0.6253
vn -0.9877 -0.0632 0.1427
vn 0.7178 0.0166 0.6961
vn -0.6763 -0.3740 0.6347
vn -0.6718 0.0385 -0.7397
vn 0.7188 0.3919 -0.5742
vn -0.6797 0.1265 -0.7225
vn 0.9699 -0.2317 0.0754
vn -0.1667 -0.6637 0.7292
vn -0.7405 0.3263 -0.5875
vn 0.7107 0.4149 -0.5681
vn 0.9334 -0.1945 0.3016
vn -0.2823 -0.6060 0.7437
vn -0.7233 0.3507 -0.5949
vn 0.6576 0.3767 -0.6524
vn 0.9515 -0.2050 0.2296
vn -0.3063 -0.4962 0.8123
vn -0.7309 0.3591 -0.5804
vn 0.6941 0.3176 -0.6460
vn 0.9419 -0.1647 0.2928
vn -0.3265 -0.4869 0.8101
vn -0.7020 0.3185 -0.6370
vn 0.6956 0.3478 -0.6287
vn 0.9287 -0.0669 0.3647
vn -0.3299 -0.4604 0.8241
vn -0.6969 0.2859 -0.6577
vn 0.6951 0.4222 -0.5819
vn 0.9300 0.0375 0.3657
vn -0.2999 -0.4123 0.8602
vn -0.7069 0.2738 -0.6522
vn 0.6779 0.4703 -0.5650
vn 0.9803 0.0634 0.1870
vn -0.1853 -0.4291 0.8840
vn -0.7234 0.3170 -0.6134
vn 0.6608 0.4787 -0.5781
vn 0.9293 -0.1182 0.3498
vn -0.3575 -0.4967 0.7909
vn -0.7237 0.3933 -0.5671
vn 0.6619 0.4730 -0.5816
vn 0.8359 -0.3242 0.4428
vn -0.5946 -0.5256 0.6084
vn -0.7376 0.5034 -0.4500
vn 0.6087 0.5651 -0.5568
vn 0.0704 0.6421 0.7634
vn -0.9770 -0.1175 0.1781
vn 0.7075 0.2564 -0.6585
vn -0.7028 0.1744 -0.6897
vn 0.9934 0.1141 0.0124
vn -0.9435 -0.2038 0.2612
vn 0.9752 0.2165 -0.0451
vn -0.9673 -0.1368 0.2134
vn 0.9682 0.1642 -0.1887
vn -0.9736 -0.0792 0.2143
vn 0.9682 0.0891 -0.2337
vn -0.9810 -0.1061 0.1626
vn 0.9768 0.1189 -0.1780
vn -0.9774 -0.1780 0.1138
vn 0.9733 0.1896 -0.1294
vn -0.9666 -0.2201 0.1315
vn 0.9602 0.2383 -0.1458
vn -0.9262 -0.2445 0.2870
vn 0.9163 0.2707 -0.2953
vn -0.8538 -0.3215 0.4094
vn 0.8466 0.3369 -0.4120
vn -0.9814 -0.1026 0.1623
vn 0.9786 0.1201 -0.1671
vn -0.9128 -0.2015 0.3554
vn 0.7075 0.2564 -0.6586
vn -0.6813 -0.4645 0.5657
vn -0.7547 -0.3970 0.5224
vn -0.7831 -0.2975 0.5461
vn -0.8136 -0.3002 0.4980
vn -0.8100 -0.3409 0.4771
vn -0.7564 -0.3631 0.5441
vn -0.5608 -0.4126 0.7178
vn -0.6623 -0.4503 0.5988
vn -0.8805 -0.2826 0.3805
vn -0.7615 0.5557 -0.3335
vn 0.6376 0.5914 -0.4937
vn 0.9430 0.2251 -0.2450
vn 0.7625 0.4870 -0.4259
vn 0.7552 0.4146 -0.5077
vn 0.7726 0.3035 -0.5577
vn 0.8042 0.3094 -0.5075
vn 0.8013 0.3483 -0.4865
vn 0.7451 0.3734 -0.5527
vn 0.5522 0.4260 -0.7166
vn 0.6598 0.4573 -0.5963
vn 0.8764 0.2957 -0.3801
vn -0.7209 0.3626 -0.5906
vn 0.6816 0.4534 -0.5743
vn 0.9667 -0.0440 0.2520
vn -0.2214 -0.4848 0.8462
vn -0.8591 -0.2823 0.4269
vn 0.8496 0.3039 -0.4311
vn 0.5389 0.4451 -0.7152
vn -0.5385 -0.4342 0.7222
vn -0.2582 -0.5986 0.7583
vn -0.7808 0.3498 -0.5177
vn 0.7436 0.4477 -0.4965
vn 0.9198 -0.3753 0.1148
vn 0.9852 0.1695 0.0265
vn -0.9162 -0.2032 0.3453
vn 0.8345 0.3823 -0.3968
vn -0.7071 -0.3636 0.6065
vn -0.7133 0.2852 -0.6402
vn 0.6753 0.4831 -0.5573
vn 0.9511 0.1058 0.2902
vn -0.2274 -0.3769 0.8979
vn -0.9503 -0.2380 0.2009
vn 0.9409 0.2660 -0.2098
vn 0.6470 0.3891 -0.6557
vn -0.6579 -0.3727 0.6544
vn 0.9989 0.0435 0.0155
vn 1.0000 0.0044 0.0048
vn -0.9990 -0.0416 -0.0149
vn -0.9999 -0.0127 -0.0071
vn 0.9972 0.0709 0.0233
vn -0.9988 -0.0462 -0.0172
vn 0.7493 -0.6398 -0.1707
vn -0.6558 -0.7278 -0.2007
vn -0.9638 -0.2540 -0.0812
vn -0.9825 -0.1755 -0.0627
vn -0.9957 -0.0873 -0.0303
vn 0.9999 -0.0067 -0.0136
vn -0.9994 0.0131 0.0306
vn 0.9950 -0.0559 -0.0824
vn -0.9892 0.0926 0.1136
vn 0.9857 0.1619 0.0459
vn -0.9925 -0.1168 -0.0348
vn 0.9578 0.2759 0.0811
vn -0.9685 -0.2392 -0.0689
vn 0.9964 0.0813 0.0258
vn -0.9993 -0.0358 -0.0147
vn 0.9552 0.1688 0.2429
vn 0.9573 0.2725 -0.0965
vn 0.9629 0.2586 0.0774
vn 0.9624 0.2363 -0.1341
vn 0.9596 0.1060 0.2607
vn 0.9683 0.2008 -0.1489
vn 0.9662 0.0525 0.2525
vn 0.9955 0.0896 0.0311
vt 0.375000 0.125000
vt 0.625000 0.125000
vt 0.625000 0.250000
vt 0.375000 0.250000
vt 0.625000 0.500000
vt 0.375000 0.500000
vt 0.375000 0.625000
vt 0.625000 0.625000
vt 0.625000 0.750000
vt 0.375000 0.750000
vt 0.625000 1.000000
vt 0.375000 1.000000
vt 0.375000 0.625000
vt 0.625000 0.625000
vt 0.375000 0.125000
vt 0.875000 0.625000
vt 0.875000 0.750000
vt 0.625000 0.000000
vt 0.375000 0.250000
vt 0.375000 0.625000
vt 0.375000 0.625000
vt 0.375000 0.625000
vt 0.375000 0.625000
vt 0.375000 0.125000
vt 0.375000 0.000000
vt 0.375000 0.125000
vt 0.375000 0.125000
vt 0.375000 0.750000
vt 0.375000 0.750000
vt 0.375000 0.750000
vt 0.375000 0.125000
vt 0.375000 0.000000
vt 0.375000 0.000000
vt 0.375000 0.750000
vt 0.375000 1.000000
vt 0.375000 0.875000
vt 0.375000 0.625000
vt 0.875000 0.500000
vt 0.375000 0.163935
vt 0.375000 0.089229
vt 0.375000 0.090273
vt 0.375000 0.155717
vt 0.375000 0.153475
vt 0.375000 0.096277
s 1
f 780/479/773 781/480/774 631/481/625 630/482/624
f 630/482/624 631/481/625 635/483/629 634/484/628
f 782/485/775 783/486/776 633/487/627 632/488/626
f 632/488/626 633/487/627 629/489/623 628/490/622
f 782/485/775 632/488/626 638/488/632 785/491/778
f 783/486/776 635/483/629 643/483/637 787/492/780
f 669/488/663 668/490/662 644/490/638 646/488/640
f 632/488/626 628/490/622 636/490/630 638/488/632
f 630/482/624 634/484/628 639/484/633 637/482/631
f 780/479/773 630/482/624 637/482/631 784/493/777
f 787/492/780 786/494/779 640/495/634 642/487/636
f 781/480/774 629/496/623 640/496/634 786/480/779
f 629/489/623 633/487/627 642/487/636 640/489/634
f 635/483/629 631/481/625 641/481/635 643/483/637
f 645/482/639 647/484/641 651/484/645 649/482/643
f 671/497/665 670/484/664 647/484/641 645/482/639
f 798/498/791 669/488/663 646/488/640 788/499/781
f 789/500/782 650/488/644 654/488/648 790/501/783
f 788/499/781 646/488/640 650/488/644 789/500/782
f 646/488/640 644/490/638 648/490/642 650/488/644
f 790/501/783 654/488/648 658/488/652 792/499/785
f 650/488/644 648/490/642 652/490/646 654/488/648
f 649/482/643 651/484/645 655/484/649 653/482/647
f 792/499/785 658/488/652 662/488/656 794/499/787
f 654/488/648 652/490/646 656/490/650 658/488/652
f 653/482/647 655/484/649 659/484/653 657/482/651
f 661/482/655 663/484/657 664/482/658
f 791/502/784 657/482/651 661/482/655 793/493/786
f 658/488/652 656/490/650 660/490/654 662/488/656
f 657/482/651 659/484/653 663/484/657 661/482/655
f 711/482/705 712/484/706 672/484/666 666/482/660
f 663/484/657 794/499/787 662/488/656 664/484/658
f 660/503/654 793/493/786 661/482/655 664/503/658
f 662/488/656 660/490/654 664/488/658
f 795/504/788 666/482/660 671/497/665 797/505/790
f 796/501/789 667/506/661 669/488/663 798/498/791
f 666/482/660 672/484/666 670/484/664 671/497/665
f 667/506/661 665/490/659 668/490/662 669/488/663
f 771/507/764 764/508/757 674/488/668 734/506/728
f 800/501/793 710/506/704 667/506/661 796/501/789
f 799/509/792 711/482/705 666/482/660 795/504/788
f 676/490/670 675/506/669 679/506/673 680/490/674
f 768/503/761 766/503/759 676/503/670 715/510/709
f 766/490/759 765/506/758 675/506/669 676/490/670
f 764/508/757 767/490/760 673/490/667 674/488/668
f 735/488/729 678/488/672 682/488/676 736/488/730
f 674/488/668 673/490/667 677/490/671 678/488/672
f 715/510/709 676/503/670 680/503/674 717/503/711
f 734/506/728 674/488/668 678/488/672 735/488/729
f 719/503/713 684/503/678 688/503/682 721/503/715
f 680/490/674 679/506/673 683/506/677 684/490/678
f 678/488/672 677/490/671 681/490/675 682/488/676
f 717/503/711 680/503/674 684/503/678 719/503/713
f 688/490/682 687/506/681 691/506/685 692/490/686
f 736/488/730 682/488/676 686/488/680 737/508/731
f 684/490/678 683/506/677 687/506/681 688/490/682
f 682/488/676 681/490/675 685/490/679 686/488/680
f 738/488/732 690/488/684 694/488/688 739/506/733
f 686/488/680 685/490/679 689/490/683 690/488/684
f 721/503/715 688/503/682 692/503/686 723/510/717
f 737/508/731 686/488/680 690/488/684 738/488/732
f 773/490/766 772/508/765 699/506/693 700/490/694
f 692/490/686 691/506/685 695/506/689 696/490/690
f 690/488/684 689/490/683 693/490/687 694/488/688
f 723/510/717 692/503/686 696/503/690 725/503/719
f 757/490/750 756/508/749 703/506/697 704/490/698
f 775/488/768 774/490/767 697/490/691 698/488/692
f 777/510/770 773/511/766 700/503/694 727/503/721
f 779/488/772 775/488/768 698/488/692 740/512/734
f 704/490/698 703/506/697 707/506/701 708/490/702
f 759/488/752 758/490/751 701/490/695 702/488/696
f 761/510/754 757/503/750 704/503/698 729/503/723
f 763/512/756 759/488/752 702/488/696 741/488/735
f 744/513/738 743/514/737 709/490/703
f 702/488/696 701/490/695 705/490/699 706/488/700
f 729/503/723 704/503/698 708/503/702 731/503/725
f 741/488/735 702/488/696 706/488/700 742/508/736
f 706/488/700 705/490/699 709/488/703
f 705/503/699 755/503/748 731/503/725 708/503/702 744/503/738 709/503/703
f 703/506/697 728/506/722 730/506/724 707/506/701
f 754/503/747 729/503/723 731/503/725 755/503/748
f 756/508/749 760/506/753 728/506/722 703/506/697
f 762/503/755 761/510/754 729/503/723 754/503/747
f 772/508/765 776/508/769 726/508/720 699/506/693
f 778/503/771 777/510/770 727/503/721 753/503/746
f 751/503/744 723/510/717 725/503/719 752/510/745
f 687/506/681 720/506/714 722/506/716 691/506/685
f 750/503/743 721/503/715 723/510/717 751/503/744
f 691/506/685 722/506/716 724/508/718 695/506/689
f 683/506/677 718/488/712 720/506/714 687/506/681
f 748/503/741 717/503/711 719/503/713 749/510/742
f 749/510/742 719/503/713 721/503/715 750/503/743
f 675/506/669 714/506/708 716/506/710 679/506/673
f 747/510/740 715/510/709 717/503/711 748/503/741
f 679/506/673 716/506/710 718/488/712 683/506/677
f 770/503/763 768/503/761 715/510/709 747/510/740
f 802/509/792 733/482/727 711/482/705 799/509/792
f 801/515/793 732/506/726 710/506/704 800/501/793
f 765/506/758 769/506/762 714/506/708 675/506/669
f 733/482/727 745/484/706 712/484/706 711/482/705
f 637/482/631 639/484/633 745/484/706 733/482/727
f 785/491/778 638/488/632 732/506/726 801/515/793
f 784/493/777 637/482/631 733/482/727 802/509/792
f 767/503/760 770/503/763 747/510/740 673/503/667
f 673/503/667 747/510/740 748/503/741 677/503/671
f 681/503/675 749/510/742 750/503/743 685/503/679
f 677/503/671 748/503/741 749/510/742 681/503/675
f 685/503/679 750/503/743 751/503/744 689/503/683
f 689/503/683 751/503/744 752/510/745 693/503/687
f 774/503/767 778/503/771 753/503/746 697/503/691
f 758/510/751 762/503/755 754/503/747 701/503/695
f 701/503/695 754/503/747 755/503/748 705/503/699
f 728/506/722 741/488/735 742/508/736 730/506/724
f 708/490/702 707/506/701 743/514/737 744/513/738
f 760/506/753 763/512/756 741/488/735 728/506/722
f 776/508/769 779/488/772 740/512/734 726/508/720
f 720/506/714 737/508/731 738/488/732 722/506/716
f 722/506/716 738/488/732 739/506/733 724/508/718
f 718/488/712 736/488/730 737/508/731 720/506/714
f 714/506/708 734/506/728 735/488/729 716/506/710
f 716/506/710 735/488/729 736/488/730 718/488/712
f 769/506/762 771/507/764 734/506/728 714/506/708
f 707/506/701 730/506/724 742/508/736 706/488/700 709/506/703 743/506/737
f 726/508/720 740/512/734 763/512/756 760/506/753
f 697/503/691 753/503/746 762/503/755 758/510/751
f 753/503/746 727/503/721 761/510/754 762/503/755
f 699/506/693 726/508/720 760/506/753 756/508/749
f 740/512/734 698/488/692 759/488/752 763/512/756
f 727/503/721 700/503/694 757/503/750 761/510/754
f 698/488/692 697/490/691 758/490/751 759/488/752
f 700/490/694 699/506/693 756/508/749 757/490/750
f 710/506/704 732/506/726 771/507/764 769/506/762
f 636/503/630 746/503/739 770/503/763 767/503/760
f 667/506/661 710/506/704 769/506/762 765/506/758
f 746/503/739 713/511/707 768/503/761 770/503/763
f 638/488/632 636/490/630 767/490/760 764/508/757
f 665/490/659 667/506/661 765/506/758 766/490/759
f 713/511/707 665/503/659 766/503/759 768/503/761
f 732/506/726 638/488/632 764/508/757 771/507/764
f 724/508/718 739/506/733 779/488/772 776/508/769
f 693/503/687 752/510/745 778/503/771 774/503/767
f 752/510/745 725/503/719 777/510/770 778/503/771
f 695/506/689 724/508/718 776/508/769 772/508/765
f 739/506/733 694/488/688 775/488/768 779/488/772
f 725/503/719 696/503/690 773/511/766 777/510/770
f 694/488/688 693/490/687 774/490/767 775/488/768
f 696/490/690 695/506/689 772/508/765 773/490/766
f 636/503/630 784/493/777 802/509/792 746/503/739
f 639/484/633 785/491/778 801/515/793 745/484/706
f 745/484/706 801/515/793 800/501/793 712/484/706
f 746/503/739 802/509/792 799/509/792 713/511/707
f 713/511/707 799/509/792 795/504/788 665/503/659
f 712/484/706 800/501/793 796/501/789 672/484/666
f 672/484/666 796/501/789 798/498/791 670/484/664
f 665/503/659 795/504/788 797/505/790 668/503/662
f 656/503/650 791/502/784 793/493/786 660/503/654
f 659/484/653 792/499/785 794/499/787 663/484/657
f 655/484/649 790/501/783 792/499/785 659/484/653
f 647/484/641 788/499/781 789/500/782 651/484/645
f 651/484/645 789/500/782 790/501/783 655/484/649
f 670/484/664 798/498/791 788/499/781 647/484/641
f 631/481/625 781/480/774 786/480/779 641/481/635
f 643/483/637 641/516/635 786/494/779 787/492/780
f 628/503/622 780/479/773 784/493/777 636/503/630
f 633/487/627 783/486/776 787/492/780 642/487/636
f 634/484/628 782/485/775 785/491/778 639/484/633
f 634/484/628 635/483/629 783/486/776 782/485/775
f 628/503/622 629/496/623 781/480/774 780/479/773
f 803/517/794 804/518/795 805/509/796
f 808/519/799 809/520/800 810/509/801
f 807/521/798 809/520/800 808/519/799 806/522/797
f 803/517/794 807/521/798 806/522/797 804/518/795
f 668/503/662 797/505/790 805/509/796 804/518/795 644/503/638
f 803/517/794 645/482/639 649/482/643 807/521/798
f 644/503/638 804/518/795 806/522/797 648/503/642
f 797/505/790 671/497/665 645/482/639 803/517/794 805/509/796
f 807/521/798 649/482/643 653/482/647 809/520/800
f 648/503/642 806/522/797 808/519/799 652/503/646
f 810/509/801 809/520/800 653/482/647 657/482/651 791/502/784
f 652/503/646 808/519/799 810/509/801 791/502/784 656/503/650
o Cube.009
v -0.092604 0.294911 -0.078177
v -0.082119 0.270410 -0.078177
v -0.082052 0.298132 -0.102934
v -0.071568 0.273631 -0.102934
v -0.090712 0.295720 -0.078177
v -0.080228 0.271220 -0.078177
v -0.080160 0.298941 -0.102934
v -0.069676 0.274441 -0.102934
v -0.116880 0.348053 -0.084276
v -0.106892 0.352413 -0.096835
v -0.115876 0.348550 -0.084276
v -0.105888 0.352910 -0.096835
v -0.147419 0.409071 -0.074340
v -0.138114 0.414811 -0.094631
v -0.145871 0.409837 -0.074340
v -0.136566 0.415577 -0.094631
v -0.156289 0.442247 -0.069843
v -0.147016 0.450458 -0.089710
v -0.154616 0.442675 -0.069843
v -0.145344 0.450887 -0.089710
v -0.161854 0.491819 -0.060517
v -0.151764 0.499301 -0.076726
v -0.160426 0.491974 -0.060517
v -0.150335 0.499456 -0.076726
v -0.158948 0.560437 -0.049869
v -0.148154 0.564366 -0.061255
v -0.157976 0.560106 -0.049869
v -0.147182 0.564035 -0.061255
v -0.147413 0.593549 -0.050883
v -0.136728 0.597160 -0.056310
v -0.146877 0.593367 -0.050883
v -0.136192 0.596978 -0.056310
v -0.133334 0.629162 -0.051015
v -0.122716 0.632481 -0.051627
v -0.133144 0.629129 -0.051011
v -0.122525 0.632448 -0.051623
v -0.123886 0.651485 -0.049487
v -0.058946 0.209658 -0.078177
v -0.048394 0.212879 -0.102934
v -0.057035 0.210422 -0.078177
v -0.046483 0.213643 -0.102934
v -0.042622 0.163738 -0.081578
v -0.032070 0.166959 -0.099533
v -0.041156 0.164186 -0.081578
v -0.030604 0.167407 -0.099533
v -0.030545 0.125007 -0.084731
v -0.019993 0.128228 -0.096380
v -0.029545 0.125312 -0.084731
v -0.018993 0.128533 -0.096380
v -0.022609 0.100035 -0.088625
v -0.011920 0.102805 -0.092486
v -0.022183 0.100165 -0.088625
v -0.011493 0.102935 -0.092486
v -0.007338 0.050223 -0.085186
v 0.003312 0.053122 -0.087400
v -0.007033 0.050315 -0.085186
v 0.003617 0.053215 -0.087400
v 0.006001 0.006593 -0.081714
v 0.016639 0.009533 -0.083401
v 0.006266 0.006674 -0.081714
v 0.016904 0.009614 -0.083401
v -0.121236 0.384085 -0.094723
v -0.131005 0.379282 -0.080318
v -0.122371 0.383524 -0.094723
v -0.132140 0.378721 -0.080318
v -0.080228 0.271220 -0.091502
v -0.092604 0.294911 -0.091502
v -0.090712 0.295720 -0.091502
v -0.082119 0.270410 -0.091502
v -0.117162 0.348623 -0.091502
v -0.116158 0.349120 -0.091502
v -0.148042 0.410331 -0.085432
v -0.146495 0.411097 -0.085432
v -0.156928 0.444742 -0.080723
v -0.155256 0.445171 -0.080723
v -0.162085 0.493950 -0.069568
v -0.160657 0.494104 -0.069568
v -0.158827 0.560791 -0.056508
v -0.157855 0.560460 -0.056508
v -0.147346 0.593744 -0.054542
v -0.146810 0.593562 -0.054542
v -0.133301 0.629211 -0.052267
v -0.133110 0.629178 -0.052263
v -0.057035 0.210422 -0.091502
v -0.058946 0.209658 -0.091502
v -0.041156 0.164186 -0.091502
v -0.042622 0.163738 -0.091502
v -0.029545 0.125312 -0.091502
v -0.030545 0.125007 -0.091502
v -0.022114 0.099940 -0.091502
v -0.022540 0.099810 -0.091502
v -0.006984 0.050155 -0.087239
v -0.007289 0.050062 -0.087239
v 0.006309 0.006533 -0.083503
v 0.006044 0.006453 -0.083503
v -0.132531 0.379512 -0.088467
v -0.131397 0.380073 -0.088467
v -0.075325 0.272717 -0.098164
v -0.087701 0.296407 -0.098164
v -0.112400 0.350404 -0.095114
v -0.143451 0.412457 -0.090977
v -0.152346 0.447486 -0.086163
v -0.157297 0.496511 -0.074093
v -0.153864 0.562465 -0.059827
v -0.142410 0.595338 -0.056372
v -0.128382 0.630732 -0.052893
v -0.052133 0.211919 -0.098164
v -0.036254 0.165682 -0.096463
v -0.024642 0.126808 -0.094887
v -0.017177 0.101324 -0.092940
v -0.002057 0.051571 -0.088265
v 0.011233 0.007960 -0.084398
v -0.127824 0.381404 -0.092541
v -0.085809 0.297217 -0.098164
v -0.077217 0.271907 -0.098164
v -0.111396 0.350901 -0.095114
v -0.141904 0.413223 -0.090977
v -0.150673 0.447915 -0.086163
v -0.155869 0.496666 -0.074093
v -0.152892 0.562133 -0.059827
v -0.141874 0.595156 -0.056372
v -0.128191 0.630699 -0.052889
v -0.054043 0.211155 -0.098164
v -0.037719 0.165235 -0.096463
v -0.025642 0.126503 -0.094887
v -0.017603 0.101194 -0.092940
v -0.002361 0.051478 -0.088265
v 0.010968 0.007879 -0.084398
v -0.126690 0.381965 -0.092541
v -0.024799 0.147970 -0.097957
v -0.026032 0.147593 -0.097957
v -0.035351 0.144749 -0.083155
v -0.036584 0.144373 -0.083155
v -0.036584 0.144373 -0.091502
v -0.035351 0.144749 -0.091502
v -0.030448 0.146245 -0.095675
v -0.031681 0.145869 -0.095675
v -0.015956 0.115516 -0.094433
v -0.026577 0.112521 -0.086678
v -0.025864 0.112739 -0.086678
v -0.015243 0.115734 -0.094433
v -0.025830 0.112626 -0.091502
v -0.026543 0.112408 -0.091502
v -0.020910 0.114066 -0.093913
v -0.021623 0.113848 -0.093913
v -0.021896 0.138251 -0.097168
v -0.032448 0.135030 -0.083943
v -0.033564 0.134690 -0.091502
v -0.032448 0.135030 -0.091502
v -0.027545 0.136527 -0.095281
v -0.028662 0.136186 -0.095281
v -0.023012 0.137910 -0.097168
v -0.033564 0.134690 -0.083943
vn -0.6490 -0.2455 0.7201
vn -0.6513 -0.2634 0.7116
vn -0.2826 -0.0769 -0.9562
vn -0.3063 -0.1236 -0.9439
vn 0.6232 0.3213 0.7130
vn 0.6596 0.2668 0.7026
vn 0.8486 0.4166 -0.3262
vn 0.8753 0.3532 -0.3304
vn -0.6561 -0.3158 0.6854
vn -0.2162 -0.0187 -0.9762
vn 0.6631 0.3163 0.6784
vn 0.8654 0.4578 -0.2036
vn -0.6355 -0.3527 0.6868
vn -0.2738 -0.0266 -0.9614
vn 0.6811 0.1338 0.7199
vn 0.8894 0.3291 -0.3172
vn -0.6876 -0.2396 0.6854
vn -0.3193 0.1348 -0.9380
vn 0.7143 0.0221 0.6995
vn 0.9179 0.2232 -0.3280
vn -0.7078 -0.1429 0.6918
vn -0.2609 0.2245 -0.9389
vn 0.6969 -0.0924 0.7112
vn 0.9650 0.1027 -0.2412
vn -0.7056 0.0976 0.7018
vn -0.1308 0.1925 -0.9725
vn 0.6377 -0.1703 0.7513
vn 0.9906 -0.0379 -0.1315
vn -0.6670 0.2595 0.6984
vn 0.0278 0.1176 -0.9927
vn 0.6664 -0.2262 0.7104
vn 0.8818 0.4426 -0.1627
vn -0.6738 0.2571 0.6927
vn 0.0879 0.1118 -0.9898
vn 0.6482 -0.2847 0.7062
vn -0.9948 0.0601 -0.0823
vn 0.5515 0.8270 0.1096
vn -0.6451 -0.2649 0.7168
vn -0.2779 -0.1349 -0.9511
vn 0.6692 0.2170 0.7107
vn 0.8942 0.3037 -0.3288
vn -0.6490 -0.2723 0.7104
vn -0.2144 -0.1388 -0.9668
vn 0.6925 0.1687 0.7014
vn 0.9345 0.2501 -0.2532
vn -0.6440 -0.2865 0.7094
vn -0.0782 -0.1261 -0.9889
vn 0.6942 0.1220 0.7094
vn 0.9803 0.1517 -0.1263
vn -0.6891 -0.2449 0.6821
vn 0.0573 -0.0987 -0.9935
vn 0.7084 0.1817 0.6820
vn -0.7839 -0.6202 -0.0298
vn -0.6917 -0.1594 0.7043
vn 0.0897 -0.0675 -0.9937
vn 0.6629 0.2540 0.7043
vn -0.9461 -0.3164 -0.0694
vn -0.3976 -0.6756 0.6209
vn -0.1420 0.6719 -0.7269
vn 0.7071 -0.3384 0.6209
vn -0.9496 0.2927 -0.1124
vn 0.8970 0.4024 -0.1832
vn 0.6855 0.2230 0.6931
vn -0.1884 -0.0512 -0.9808
vn -0.5930 -0.4098 0.6931
vn 0.8774 0.3552 0.3224
vn -0.8579 -0.3740 -0.3524
vn 0.8547 0.3807 0.3530
vn -0.8774 -0.3552 -0.3224
vn -0.8268 -0.3679 -0.4255
vn 0.8251 0.3729 0.4244
vn -0.8824 -0.2904 -0.3702
vn 0.8844 0.2842 0.3702
vn -0.9296 -0.1057 -0.3530
vn 0.9292 0.1071 0.3536
vn -0.9330 0.0474 -0.3568
vn 0.9327 -0.0426 0.3582
vn -0.8955 0.2144 -0.3900
vn 0.8965 -0.2065 0.3920
vn -0.8016 0.3351 -0.4951
vn 0.8041 -0.3254 0.4975
vn -0.7282 0.3518 -0.5881
vn 0.7304 -0.3451 0.5894
vn 0.8837 0.3237 0.3382
vn -0.8821 -0.3284 -0.3377
vn 0.8774 0.2895 0.3827
vn -0.8741 -0.2995 -0.3824
vn 0.8355 0.2615 0.4833
vn -0.8315 -0.2760 -0.4822
vn 0.7541 0.2636 0.6016
vn -0.7498 -0.2730 -0.6027
vn 0.7287 0.2772 0.6263
vn -0.7282 -0.2784 -0.6263
vn 0.5958 -0.7122 0.3712
vn -0.4139 -0.7808 -0.4680
vn -0.8254 -0.3788 -0.4186
vn 0.8291 0.3715 0.4177
vn 0.6637 0.2685 0.6981
vn -0.6120 -0.2451 -0.7519
vn -0.5030 -0.1791 -0.8455
vn -0.5969 -0.1467 -0.7888
vn -0.6570 0.0258 -0.7535
vn -0.6087 0.1607 -0.7770
vn -0.4700 0.2189 -0.8551
vn -0.2370 0.1856 -0.9536
vn -0.0410 0.1438 -0.9888
vn 0.6405 0.2473 0.7271
vn 0.5630 0.2147 0.7981
vn 0.3507 0.1602 0.9227
vn 0.0954 0.1129 0.9890
vn 0.0128 0.0948 0.9954
vn -0.1876 0.6483 0.7379
vn -0.4869 -0.1881 -0.8530
vn 0.6100 0.2493 0.7521
vn -0.6637 -0.2685 -0.6981
vn 0.5023 0.1832 0.8451
vn 0.5981 0.1422 0.7887
vn 0.6567 -0.0254 0.7537
vn 0.6081 -0.1584 0.7779
vn 0.4689 -0.2145 0.8568
vn 0.2362 -0.1817 0.9546
vn 0.0409 -0.1430 0.9889
vn -0.6396 -0.2507 -0.7267
vn -0.5609 -0.2212 -0.7978
vn -0.3494 -0.1662 -0.9221
vn -0.0936 -0.1149 -0.9890
vn -0.0127 -0.0949 -0.9954
vn 0.2032 -0.7017 -0.6829
vn 0.4890 0.1838 0.8527
vn 0.9569 0.2213 -0.1881
vn -0.1617 -0.1206 -0.9794
vn 0.6934 0.1499 0.7048
vn -0.6589 -0.2628 0.7048
vn -0.8620 -0.2774 -0.4243
vn 0.8652 0.2670 0.4245
vn 0.4807 0.1800 0.8582
vn -0.4789 -0.1859 -0.8580
vn -0.0045 -0.1344 -0.9909
vn -0.6429 -0.3133 0.6989
vn 0.7083 0.0992 0.6989
vn 0.9944 -0.1027 -0.0258
vn 0.8044 0.2561 0.5361
vn -0.7990 -0.2745 -0.5351
vn 0.2286 0.1421 0.9631
vn -0.2269 -0.1477 -0.9627
vn 0.9653 0.2137 -0.1502
vn -0.8495 -0.2740 -0.4509
vn 0.8526 0.2638 0.4510
vn 0.4250 0.1645 0.8901
vn -0.4233 -0.1697 -0.8899
vn -0.1272 -0.1101 -0.9858
vt 0.594864 0.363089
vt 0.597653 0.363000
vt 0.598660 0.460529
vt 0.596225 0.460547
vt 0.648916 0.318496
vt 0.648457 0.363001
vt 0.645099 0.362688
vt 0.645516 0.318591
vt 0.619247 0.320369
vt 0.619054 0.363994
vt 0.597482 0.320526
vt 0.595767 0.215642
vt 0.616930 0.214491
vt 0.558218 0.320519
vt 0.559796 0.364494
vt 0.547351 0.364152
vt 0.545701 0.319911
vt 0.593865 0.320514
vt 0.623925 0.518016
vt 0.634059 0.516249
vt 0.641068 0.573885
vt 0.629839 0.574588
vt 0.633439 0.459853
vt 0.631623 0.459781
vt 0.632703 0.363432
vt 0.621616 0.460553
vt 0.573469 0.364634
vt 0.583747 0.461736
vt 0.643612 0.635629
vt 0.632084 0.633506
vt 0.636121 0.516069
vt 0.643890 0.573338
vt 0.597251 0.520471
vt 0.599496 0.520441
vt 0.600412 0.576377
vt 0.598138 0.576137
vt 0.583499 0.520298
vt 0.580675 0.575900
vt 0.598615 0.631081
vt 0.601594 0.631202
vt 0.602534 0.713474
vt 0.600206 0.713350
vt 0.646504 0.635422
vt 0.580636 0.632596
vt 0.628886 0.716878
vt 0.639456 0.720621
vt 0.632358 0.832469
vt 0.623293 0.827407
vt 0.585225 0.714586
vt 0.641868 0.720566
vt 0.627485 0.895050
vt 0.619263 0.887826
vt 0.634090 0.832830
vt 0.603643 0.823804
vt 0.602436 0.824052
vt 0.592020 0.824119
vt 0.603221 0.881529
vt 0.604524 0.881528
vt 0.605178 0.953152
vt 0.604812 0.953080
vt 0.628523 0.895099
vt 0.596546 0.882098
vt 0.615082 0.959549
vt 0.623627 0.967360
vt 0.605784 0.999968
vt 0.602431 0.953170
vt 0.623946 0.967459
vt 0.557978 0.214139
vt 0.545701 0.213153
vt 0.554873 0.134698
vt 0.565305 0.136123
vt 0.592690 0.215586
vt 0.642618 0.211994
vt 0.645936 0.211599
vt 0.621824 0.087855
vt 0.620244 0.088375
vt 0.615702 0.075326
vt 0.616945 0.074834
vt 0.591875 0.138505
vt 0.594348 0.138423
vt 0.631199 0.133762
vt 0.633596 0.133361
vt 0.609709 0.136840
vt 0.580517 0.062869
vt 0.574502 0.060802
vt 0.579249 0.048756
vt 0.584059 0.050106
vt 0.603326 0.092173
vt 0.593258 0.093559
vt 0.592851 0.080620
vt 0.600950 0.079230
vt 0.573002 0.090992
vt 0.564587 0.088968
vt 0.568794 0.075816
vt 0.576148 0.077950
vt 0.591665 0.093582
vt 0.591699 0.080638
vt 0.584995 0.013046
vt 0.587867 0.013698
vt 0.592411 0.065205
vt 0.591639 0.065216
vt 0.591454 0.051244
vt 0.592105 0.051235
vt 0.610227 0.060134
vt 0.609490 0.060463
vt 0.604273 0.048522
vt 0.604621 0.048404
vt 0.597555 0.064084
vt 0.594823 0.050796
vt 0.590928 0.000038
vt 0.591255 0.000704
vt 0.591352 0.013973
vt 0.591437 0.013971
vt 0.597775 0.012916
vt 0.597928 0.012872
vt 0.592394 0.013925
vt 0.591232 0.000692
vt 0.591577 0.000032
vt 0.591381 0.000908
vt 0.591129 0.000914
vt 0.591069 0.000936
vt 0.611148 0.461362
vt 0.613255 0.519828
vt 0.573249 0.461275
vt 0.572802 0.518769
vt 0.594915 0.013625
vt 0.591443 0.000918
vt 0.599472 0.049952
vt 0.590394 0.013949
vt 0.603481 0.062609
vt 0.588720 0.050885
vt 0.581561 0.092486
vt 0.583570 0.079497
vt 0.611859 0.090526
vt 0.608361 0.077560
vt 0.586461 0.064268
vt 0.630392 0.213270
vt 0.620812 0.135375
vt 0.572066 0.320962
vt 0.571480 0.215028
vt 0.576452 0.137363
vt 0.595178 0.959854
vt 0.611223 0.881892
vt 0.607561 0.953166
vt 0.588763 0.888341
vt 0.583024 0.828283
vt 0.574094 0.717599
vt 0.614103 0.823562
vt 0.619728 0.632149
vt 0.617609 0.714246
vt 0.568406 0.634345
vt 0.568889 0.575238
vt 0.617985 0.575579
vt 0.633049 0.319541
vt 0.563228 0.460847
vt 0.562651 0.517266
vt 0.557723 0.574835
vt 0.557015 0.636826
vt 0.563708 0.721700
vt 0.574203 0.833669
vt 0.580857 0.895890
vt 0.586960 0.968009
vt 0.570099 0.105285
vt 0.579692 0.106650
vt 0.615152 0.104727
vt 0.624436 0.102845
vt 0.605595 0.106273
vt 0.591749 0.107789
vt 0.593584 0.107760
vt 0.560777 0.103555
vt 0.626336 0.102347
s 1
f 811/523/802 815/524/806 821/525/812 819/526/810
f 814/527/805 813/528/804 817/529/808 818/530/809
f 876/531/867 878/532/869 815/524/806 816/533/807
f 876/531/867 816/533/807 850/534/841 894/535/885
f 925/536/916 909/537/900 813/538/804 814/539/805
f 816/533/807 815/524/806 811/523/802 812/540/803
f 939/541/930 872/542/863 826/543/817 927/544/918
f 817/529/808 813/528/804 820/545/811 822/546/813
f 924/547/915 817/529/808 822/546/813 926/548/917
f 877/549/868 811/523/802 819/526/810 880/550/871
f 927/544/918 826/543/817 830/551/821 928/552/919
f 872/542/863 874/553/865 824/554/815 826/543/817
f 875/555/866 873/556/864 825/557/816 823/558/814
f 906/559/897 875/555/866 823/558/814 882/560/873
f 827/561/818 829/562/820 833/563/824 831/564/822
f 826/543/817 824/554/815 828/565/819 830/551/821
f 823/558/814 825/557/816 829/562/820 827/561/818
f 882/560/873 823/558/814 827/561/818 884/566/875
f 929/567/920 834/568/825 838/569/829 930/570/921
f 884/566/875 827/561/818 831/564/822 886/571/877
f 928/552/919 830/551/821 834/568/825 929/567/920
f 830/551/821 828/565/819 832/572/823 834/568/825
f 930/570/921 838/569/829 842/573/833 931/574/922
f 834/568/825 832/572/823 836/575/827 838/569/829
f 831/564/822 833/563/824 837/576/828 835/577/826
f 886/571/877 831/564/822 835/577/826 888/578/879
f 839/579/830 841/580/832 845/581/836 843/582/834
f 838/569/829 836/575/827 840/583/831 842/573/833
f 835/577/826 837/576/828 841/580/832 839/579/830
f 888/578/879 835/577/826 839/579/830 890/584/881
f 932/585/923 846/586/837 847/587/838
f 890/584/881 839/579/830 843/582/834 892/588/883
f 931/574/922 842/573/833 846/586/837 932/585/923
f 842/573/833 840/583/831 844/589/835 846/586/837
f 846/586/837 844/589/835 847/587/838
f 843/582/834 845/581/836 847/587/838
f 892/588/883 843/582/834 847/587/838
f 933/590/924 849/591/840 853/592/844 934/593/925
f 925/536/916 814/539/805 849/591/840 933/590/924
f 816/533/807 812/540/803 848/594/839 850/534/841
f 814/527/805 818/530/809 851/595/842 849/596/840
f 962/597/952 956/598/947 859/599/850 857/600/848
f 850/534/841 848/594/839 852/601/843 854/602/845
f 849/596/840 851/595/842 855/603/846 853/604/844
f 894/535/885 850/534/841 854/602/845 896/605/887
f 955/606/946 948/607/939 861/608/852 936/609/927
f 959/610/949 957/611/933 858/612/849 898/613/889
f 961/614/951 962/615/952 857/616/848 935/617/926
f 957/611/933 963/618/934 856/619/847 858/612/849
f 936/609/927 861/608/852 865/620/856 937/621/928
f 950/622/941 949/623/940 860/624/851 862/625/853
f 948/626/939 951/627/942 863/628/854 861/629/852
f 952/630/943 950/622/941 862/625/853 900/631/891
f 937/621/928 865/620/856 869/632/860 938/633/929
f 862/625/853 860/624/851 864/634/855 866/635/857
f 861/629/852 863/628/854 867/636/858 865/637/856
f 900/631/891 862/625/853 866/635/857 902/638/893
f 922/639/913 938/633/929 869/632/860 871/640/862
f 866/635/857 864/634/855 868/641/859 870/642/861
f 865/637/856 867/636/858 871/640/862 869/632/860
f 902/638/893 866/635/857 870/642/861 904/643/895
f 880/550/871 819/526/810 875/555/866 906/559/897
f 819/526/810 821/525/812 873/556/864 875/555/866
f 822/546/813 820/545/811 874/553/865 872/542/863
f 926/548/917 822/546/813 872/542/863 939/541/930
f 821/525/812 881/644/872 907/645/898 873/556/864
f 910/646/901 880/550/871 906/559/897 923/647/914
f 921/648/912 902/638/893 904/643/895 922/639/913
f 870/642/861 868/641/859 905/649/896 904/643/895
f 920/650/911 900/631/891 902/638/893 921/648/912
f 864/634/855 903/651/894 905/649/896 868/641/859
f 954/652/945 952/630/943 900/631/891 920/650/911
f 860/624/851 901/653/892 903/651/894 864/634/855
f 963/618/934 958/654/948 899/655/890 856/619/847
f 960/656/950 959/610/949 898/613/889 919/657/910
f 949/623/940 953/658/944 901/653/892 860/624/851
f 917/659/908 894/535/885 896/605/887 918/660/909
f 812/540/803 879/661/870 895/662/886 848/594/839
f 848/594/839 895/662/886 897/663/888 852/601/843
f 916/664/907 892/588/883 847/587/838
f 841/580/832 891/665/882 893/666/884 845/581/836
f 915/667/906 890/584/881 892/588/883 916/664/907
f 845/581/836 893/666/884 847/587/838
f 914/668/905 888/578/879 890/584/881 915/667/906
f 913/669/904 886/571/877 888/578/879 914/668/905
f 837/576/828 889/670/880 891/665/882 841/580/832
f 829/562/820 885/671/876 887/672/878 833/563/824
f 912/673/903 884/566/875 886/571/877 913/669/904
f 833/563/824 887/672/878 889/670/880 837/576/828
f 911/674/902 882/560/873 884/566/875 912/673/903
f 923/647/914 906/559/897 882/560/873 911/674/902
f 825/557/816 883/675/874 885/671/876 829/562/820
f 909/537/900 877/549/868 880/550/871 910/646/901
f 815/524/806 878/532/869 881/644/872 821/525/812
f 873/556/864 907/645/898 883/675/874 825/557/816
f 812/540/803 811/523/802 877/549/868 879/661/870
f 908/676/899 876/531/867 894/535/885 917/659/908
f 908/676/899 924/547/915 878/532/869 876/531/867
f 818/530/809 817/529/808 924/547/915 908/676/899
f 818/530/809 908/676/899 917/659/908 851/595/842
f 813/538/804 909/537/900 910/646/901 820/677/811
f 874/678/865 923/647/914 911/674/902 824/679/815
f 824/679/815 911/674/902 912/673/903 828/680/819
f 828/680/819 912/673/903 913/669/904 832/681/823
f 832/681/823 913/669/904 914/668/905 836/682/827
f 836/682/827 914/668/905 915/667/906 840/683/831
f 840/683/831 915/667/906 916/664/907 844/684/835
f 844/684/835 916/664/907 847/587/838
f 851/595/842 917/659/908 918/660/909 855/603/846
f 956/598/947 960/656/950 919/657/910 859/599/850
f 951/627/942 954/652/945 920/650/911 863/628/854
f 863/628/854 920/650/911 921/648/912 867/636/858
f 867/636/858 921/648/912 922/639/913 871/640/862
f 820/677/811 910/646/901 923/647/914 874/678/865
f 881/644/872 926/548/917 939/541/930 907/645/898
f 904/643/895 905/649/896 938/633/929 922/639/913
f 903/651/894 937/621/928 938/633/929 905/649/896
f 901/653/892 936/609/927 937/621/928 903/651/894
f 958/654/948 961/614/951 935/617/926 899/655/890
f 953/658/944 955/606/946 936/609/927 901/653/892
f 879/661/870 925/536/916 933/590/924 895/662/886
f 895/662/886 933/590/924 934/593/925 897/663/888
f 891/665/882 931/574/922 932/585/923 893/666/884
f 893/666/884 932/585/923 847/587/838
f 889/670/880 930/570/921 931/574/922 891/665/882
f 885/671/876 928/552/919 929/567/920 887/672/878
f 887/672/878 929/567/920 930/570/921 889/670/880
f 883/675/874 927/544/918 928/552/919 885/671/876
f 878/532/869 924/547/915 926/548/917 881/644/872
f 907/645/898 939/541/930 927/544/918 883/675/874
f 879/661/870 877/549/868 909/537/900 925/536/916
f 897/663/888 934/593/925 947/685/938 944/686/935
f 855/603/846 918/660/909 946/687/937 940/688/931
f 918/660/909 896/605/887 945/689/936 946/687/937
f 852/601/843 897/663/888 944/686/935 943/690/934
f 854/602/845 852/601/843 943/690/934 942/691/933
f 934/593/925 853/592/844 941/692/932 947/685/938
f 896/605/887 854/602/845 942/691/933 945/689/936
f 853/604/844 855/603/846 940/688/931 941/693/932
f 899/655/890 935/617/926 955/606/946 953/658/944
f 859/599/850 919/657/910 954/652/945 951/627/942
f 856/619/847 899/655/890 953/658/944 949/623/940
f 919/657/910 898/613/889 952/630/943 954/652/945
f 898/613/889 858/612/849 950/622/941 952/630/943
f 857/600/848 859/599/850 951/627/942 948/626/939
f 858/612/849 856/619/847 949/623/940 950/622/941
f 935/617/926 857/616/848 948/607/939 955/606/946
f 944/686/935 947/685/938 961/614/951 958/654/948
f 940/688/931 946/687/937 960/656/950 956/598/947
f 946/687/937 945/689/936 959/610/949 960/656/950
f 943/690/934 944/686/935 958/654/948 963/618/934
f 942/691/933 943/690/934 963/618/934 957/611/933
f 947/685/938 941/692/932 962/615/952 961/614/951
f 945/689/936 942/691/933 957/611/933 959/610/949
f 941/693/932 940/688/931 956/598/947 962/597/952
o Cube.010
v -0.000314 0.242766 -0.139353
v 0.000798 0.223726 -0.152633
v 0.022133 0.246838 -0.143312
v 0.023245 0.227798 -0.156592
v 0.000995 0.239468 -0.135322
v 0.002107 0.220428 -0.148602
v 0.023442 0.243540 -0.139280
v 0.024554 0.224500 -0.152560
v 0.008893 0.162780 -0.187346
v 0.025360 0.166912 -0.189314
v 0.009859 0.160346 -0.184371
v 0.026327 0.164477 -0.186339
v 0.028703 0.076615 -0.240031
v 0.036838 0.078656 -0.241003
v 0.030063 0.073189 -0.235844
v 0.038198 0.075230 -0.236816
v 0.044133 -0.000555 -0.270903
v 0.052267 0.001486 -0.271875
v 0.045492 -0.003980 -0.266716
v 0.053627 -0.001939 -0.267688
v 0.007112 0.286117 -0.097030
v 0.029519 0.286718 -0.102836
v 0.008255 0.282801 -0.092962
v 0.030662 0.283402 -0.098769
v 0.012554 0.304949 -0.070654
v 0.034960 0.305550 -0.076461
v 0.013697 0.301633 -0.066587
v 0.036103 0.302234 -0.072393
v 0.018198 0.322440 -0.060522
v 0.039631 0.315094 -0.055748
v 0.016300 0.319592 -0.056383
v 0.037733 0.312247 -0.051609
v 0.025740 0.342967 -0.044844
v 0.042434 0.331495 -0.033627
v 0.022090 0.340984 -0.041440
v 0.038784 0.329512 -0.030223
v 0.034239 0.369259 -0.037298
v 0.036792 0.356130 -0.018398
v 0.029906 0.371562 -0.035114
v 0.032460 0.358432 -0.016213
v 0.053874 0.380637 -0.024872
v 0.056508 0.388991 -0.003438
v 0.048929 0.382721 -0.025076
v 0.051562 0.391075 -0.003643
v 0.115004 0.408407 -0.025352
v 0.111126 0.415023 -0.003505
v 0.109827 0.409229 -0.026520
v 0.105949 0.415845 -0.004673
v 0.151654 0.435531 -0.011220
v 0.144276 0.436310 0.000942
v 0.148850 0.435004 -0.012887
v 0.141472 0.435784 -0.000725
v 0.169588 0.467082 0.013172
v 0.042570 0.375390 -0.009567
v 0.047209 0.373197 -0.010557
v 0.039977 0.377778 -0.029733
v 0.044616 0.375584 -0.030724
v 0.024428 0.356852 -0.037363
v 0.034051 0.344551 -0.022305
v 0.038042 0.344391 -0.025099
v 0.028419 0.356692 -0.040158
v 0.014999 0.310613 -0.061485
v 0.036918 0.307240 -0.062001
v 0.037296 0.310322 -0.066104
v 0.015376 0.313694 -0.065588
v 0.026378 0.264790 -0.121488
v 0.025152 0.268097 -0.125537
v 0.002725 0.265761 -0.120654
v 0.003952 0.262454 -0.116605
vn 0.8573 -0.3291 0.3959
vn 0.8461 -0.2248 0.4833
vn -0.4819 -0.5192 0.7058
vn -0.5100 -0.4695 0.7207
vn 0.5479 0.4932 -0.6757
vn 0.5359 0.4938 -0.6848
vn -0.8551 0.3333 -0.3971
vn -0.8657 0.2409 -0.4388
vn 0.8461 -0.1521 0.5109
vn -0.5143 -0.4488 0.7308
vn 0.5380 0.5019 -0.6772
vn -0.8422 0.2093 -0.4968
vn 0.8064 -0.1161 0.5799
vn -0.5088 -0.4445 0.7373
vn 0.5488 0.4591 -0.6987
vn -0.8400 0.1125 -0.5308
vn 0.6171 0.3506 0.7044
vn -0.5339 0.0632 0.8432
vn 0.3245 0.9094 -0.2602
vn -0.7580 0.6390 -0.1305
vn 0.8085 -0.5313 0.2533
vn -0.5479 -0.6047 0.5780
vn 0.5722 0.5899 -0.5698
vn -0.8205 0.5187 -0.2400
vn 0.8167 -0.5326 0.2223
vn -0.5867 -0.5793 0.5658
vn 0.5663 0.5652 -0.5998
vn -0.7958 0.5354 -0.2831
vn 0.3530 -0.7042 0.6160
vn -0.9291 -0.1090 0.3533
vn 0.9304 0.1583 -0.3305
vn -0.3211 0.7293 -0.6042
vn 0.0214 -0.5864 0.8097
vn -0.9999 0.0097 0.0112
vn 0.9886 0.0313 -0.1476
vn -0.1275 0.5385 -0.8329
vn -0.3994 -0.2320 0.8869
vn -0.7642 0.4711 -0.4405
vn 0.7429 -0.5646 0.3597
vn 0.5679 0.0665 -0.8204
vn -0.5738 0.5770 0.5812
vn -0.2205 0.4535 -0.8635
vn 0.3523 -0.7240 0.5930
vn 0.5286 -0.5794 -0.6204
vn -0.5503 0.6512 0.5227
vn -0.1526 0.4274 -0.8911
vn 0.1604 -0.4178 0.8943
vn 0.4005 -0.7932 -0.4588
vn -0.8297 0.3368 0.4452
vn -0.0880 0.4871 -0.8689
vn 0.0388 -0.5074 0.8608
vn 0.5873 -0.7384 -0.3315
vn -0.5328 -0.7246 -0.4370
vn 0.5777 -0.1584 -0.8007
vn -0.5203 0.6688 -0.5311
vn 0.4635 -0.7963 0.3887
vn -0.6661 -0.0177 0.7457
vn 0.9678 -0.1451 0.2058
vn 0.2916 0.3333 -0.8966
vn -0.9662 0.0874 -0.2423
vn -0.2149 -0.3357 0.9171
vn 0.7608 0.3833 -0.5237
vn -0.6008 0.6676 -0.4397
vn -0.7540 -0.4001 0.5209
vn 0.6207 -0.6513 0.4364
vn -0.8533 0.4363 -0.2853
vn -0.5081 -0.5598 0.6545
vn 0.8230 -0.4644 0.3270
vn 0.5568 0.5324 -0.6376
vt 0.375000 0.000000
vt 0.625000 0.000000
vt 0.625000 0.250000
vt 0.375000 0.250000
vt 0.625000 0.500000
vt 0.375000 0.500000
vt 0.625000 0.750000
vt 0.375000 0.750000
vt 0.625000 1.000000
vt 0.375000 1.000000
vt 0.375000 0.250000
vt 0.375000 0.500000
vt 0.875000 0.500000
vt 0.875000 0.750000
vt 0.375000 0.750000
vt 0.375000 0.500000
vt 0.375000 0.500000
vt 0.375000 0.000000
s 1
f 964/694/953 965/695/954 967/696/956 966/697/955
f 966/697/955 967/696/956 971/698/960 970/699/959
f 970/699/959 971/698/960 969/700/958 968/701/957
f 968/701/957 969/700/958 965/702/954 964/703/953
f 1030/704/1019 1029/705/1018 987/699/976 985/697/974
f 969/700/958 971/698/960 975/698/964 974/700/963
f 972/702/961 974/700/963 978/700/967 976/702/965
f 967/696/956 965/695/954 972/695/961 973/696/962
f 965/702/954 969/700/958 974/700/963 972/702/961
f 971/698/960 967/696/956 973/696/962 975/698/964
f 978/700/967 979/698/968 983/698/972 982/700/971
f 975/698/964 973/696/962 977/696/966 979/698/968
f 974/700/963 975/698/964 979/698/968 978/700/967
f 973/696/962 972/695/961 976/695/965 977/696/966
f 983/698/972 981/706/970 980/707/969 982/700/971
f 977/696/966 976/695/965 980/695/969 981/696/970
f 976/702/965 978/700/967 982/700/971 980/702/969
f 979/698/968 977/696/966 981/696/970 983/698/972
f 986/701/975 984/703/973 988/703/977 990/701/979
f 1031/694/1020 1030/704/1019 985/697/974 984/694/973
f 1029/705/1018 1032/701/1021 986/701/975 987/699/976
f 1032/701/1021 1031/703/1020 984/703/973 986/701/975
f 1026/705/1015 1025/708/1014 994/701/983 995/699/984
f 985/697/974 987/699/976 991/699/980 989/697/978
f 987/699/976 986/701/975 990/701/979 991/699/980
f 984/694/973 985/697/974 989/697/978 988/694/977
f 994/701/983 992/703/981 996/703/985 998/701/987
f 1028/694/1017 1027/697/1016 993/697/982 992/694/981
f 1025/708/1014 1028/703/1017 992/703/981 994/701/983
f 1027/697/1016 1026/705/1015 995/699/984 993/697/982
f 1022/709/1011 1021/701/1010 1002/701/991 1003/699/992
f 993/697/982 995/699/984 999/699/988 997/697/986
f 995/699/984 994/701/983 998/701/987 999/699/988
f 992/694/981 993/697/982 997/697/986 996/694/985
f 1024/694/1013 1023/697/1012 1001/697/990 1000/694/989
f 1021/701/1010 1024/703/1013 1000/703/989 1002/701/991
f 1023/697/1012 1022/709/1011 1003/699/992 1001/697/990
f 1018/697/1007 1017/710/1006 1007/699/996 1005/697/994
f 1017/710/1006 1019/701/1008 1006/701/995 1007/699/996
f 1020/711/1009 1018/697/1007 1005/697/994 1004/694/993
f 1019/701/1008 1020/703/1009 1004/703/993 1006/701/995
f 1004/694/993 1005/697/994 1009/697/998 1008/694/997
f 1006/701/995 1004/703/993 1008/703/997 1010/701/999
f 1005/697/994 1007/699/996 1011/699/1000 1009/697/998
f 1007/699/996 1006/701/995 1010/701/999 1011/699/1000
f 1008/694/997 1009/697/998 1013/697/1002 1012/694/1001
f 1010/701/999 1008/703/997 1012/703/1001 1014/701/1003
f 1009/697/998 1011/699/1000 1015/699/1004 1013/697/1002
f 1011/699/1000 1010/701/999 1014/701/1003 1015/699/1004
f 1014/701/1003 1012/703/1001 1016/701/1005
f 1013/697/1002 1015/699/1004 1016/697/1005
f 1015/699/1004 1014/701/1003 1016/699/1005
f 1012/694/1001 1013/697/1002 1016/694/1005
f 1002/701/991 1000/703/989 1020/703/1009 1019/701/1008
f 1000/694/989 1001/697/990 1018/697/1007 1020/711/1009
f 1003/699/992 1002/701/991 1019/701/1008 1017/710/1006
f 1001/697/990 1003/699/992 1017/710/1006 1018/697/1007
f 997/697/986 999/699/988 1022/709/1011 1023/697/1012
f 998/701/987 996/703/985 1024/703/1013 1021/701/1010
f 996/694/985 997/697/986 1023/697/1012 1024/694/1013
f 999/699/988 998/701/987 1021/701/1010 1022/709/1011
f 989/697/978 991/699/980 1026/705/1015 1027/697/1016
f 990/701/979 988/703/977 1028/703/1017 1025/708/1014
f 988/694/977 989/697/978 1027/697/1016 1028/694/1017
f 991/699/980 990/701/979 1025/708/1014 1026/705/1015
f 968/701/957 964/703/953 1031/703/1020 1032/701/1021
f 970/699/959 968/701/957 1032/701/1021 1029/705/1018
f 964/694/953 966/697/955 1030/704/1019 1031/694/1020
f 966/697/955 970/699/959 1029/705/1018 1030/704/1019
o Cube.011
v 0.022569 0.069886 -0.061979
v 0.018903 0.063117 -0.066654
v 0.013435 0.077348 -0.067150
v 0.009768 0.070579 -0.071825
v 0.021734 0.069894 -0.061477
v 0.018067 0.063125 -0.066152
v 0.012599 0.077356 -0.066648
v 0.008933 0.070587 -0.071323
v 0.030065 0.086619 -0.053957
v 0.023359 0.090598 -0.055159
v 0.029620 0.086639 -0.053674
v 0.022913 0.090618 -0.054876
v 0.042902 0.100804 -0.039935
v 0.035031 0.107585 -0.043274
v 0.042215 0.100835 -0.039498
v 0.034344 0.107616 -0.042836
v 0.046410 0.108053 -0.031389
v 0.038548 0.115286 -0.033967
v 0.045680 0.107993 -0.031019
v 0.037819 0.115225 -0.033597
v 0.048840 0.117331 -0.016622
v 0.041320 0.123172 -0.018131
v 0.048224 0.117229 -0.016361
v 0.040705 0.123070 -0.017870
v 0.047256 0.129854 0.004769
v 0.040434 0.133288 0.003942
v 0.046852 0.129683 0.004834
v 0.040030 0.133117 0.004008
v 0.041038 0.136840 0.014766
v 0.035360 0.138350 0.015680
v 0.040815 0.136745 0.014802
v 0.035137 0.138256 0.015716
v 0.033811 0.143892 0.026073
v 0.029050 0.143839 0.028387
v 0.033731 0.143865 0.026096
v 0.028970 0.143812 0.028410
v 0.029308 0.147750 0.033755
v 0.011019 0.046605 -0.078686
v 0.001884 0.054067 -0.083857
v 0.010177 0.046601 -0.078193
v 0.001042 0.054062 -0.083364
v 0.004949 0.035301 -0.089015
v -0.002945 0.040640 -0.092088
v 0.004307 0.035265 -0.088673
v -0.003586 0.040604 -0.091745
v 0.000500 0.026017 -0.098078
v -0.006243 0.029390 -0.099205
v 0.000062 0.025993 -0.097844
v -0.006681 0.029365 -0.098971
v -0.002772 0.020598 -0.104472
v -0.008138 0.021422 -0.103290
v -0.002958 0.020588 -0.104372
v -0.008324 0.021412 -0.103191
v -0.007014 0.006347 -0.113855
v -0.012067 0.006691 -0.112139
v -0.007148 0.006339 -0.113784
v -0.012200 0.006684 -0.112067
v -0.010631 -0.006276 -0.121938
v -0.015584 -0.006085 -0.120050
v -0.010747 -0.006283 -0.121876
v -0.015700 -0.006092 -0.119988
v 0.028822 0.098765 -0.048586
v 0.035786 0.094085 -0.046895
v 0.029326 0.098743 -0.048907
v 0.036290 0.094063 -0.047216
v 0.015636 0.067282 -0.070263
v 0.020138 0.074043 -0.066090
v 0.019303 0.074050 -0.065588
v 0.016472 0.067274 -0.070765
v 0.028849 0.089034 -0.056084
v 0.028403 0.089054 -0.055800
v 0.041103 0.104620 -0.043130
v 0.040416 0.104651 -0.042692
v 0.044615 0.112095 -0.034203
v 0.043886 0.112034 -0.033833
v 0.047217 0.120677 -0.018902
v 0.046601 0.120575 -0.018641
v 0.045982 0.131997 0.002830
v 0.045577 0.131825 0.002896
v 0.040336 0.138021 0.013697
v 0.040113 0.137926 0.013733
v 0.033566 0.144291 0.025705
v 0.033487 0.144264 0.025727
v 0.007746 0.050757 -0.082304
v 0.008588 0.050762 -0.082797
v 0.002497 0.038360 -0.091734
v 0.003138 0.038396 -0.092077
v -0.001173 0.028104 -0.099933
v -0.000735 0.028129 -0.100167
v -0.003505 0.021425 -0.105307
v -0.003318 0.021436 -0.105406
v -0.007538 0.006937 -0.114451
v -0.007404 0.006944 -0.114522
v -0.011087 -0.005762 -0.122457
v -0.010971 -0.005755 -0.122519
v 0.034944 0.096828 -0.049587
v 0.034441 0.096851 -0.049266
v 0.012275 0.069239 -0.071172
v 0.016777 0.076000 -0.066999
v 0.026095 0.090120 -0.056001
v 0.038058 0.106407 -0.043581
v 0.041572 0.113995 -0.034464
v 0.044259 0.122229 -0.018896
v 0.043199 0.132947 0.003007
v 0.037839 0.138490 0.014309
v 0.031299 0.144369 0.026667
v 0.004385 0.052714 -0.083213
v -0.000554 0.039786 -0.092119
v -0.003936 0.029039 -0.099831
v -0.005924 0.021723 -0.104628
v -0.009878 0.007114 -0.113638
v -0.013403 -0.005622 -0.121602
v 0.032126 0.098090 -0.049626
v 0.015942 0.076007 -0.066497
v 0.013111 0.069231 -0.071674
v 0.025649 0.090140 -0.055717
v 0.037371 0.106438 -0.043143
v 0.040843 0.113934 -0.034094
v 0.043644 0.122127 -0.018634
v 0.042794 0.132775 0.003073
v 0.037616 0.138395 0.014346
v 0.031219 0.144342 0.026689
v 0.005227 0.052719 -0.083707
v 0.000088 0.039823 -0.092461
v -0.003498 0.029064 -0.100065
v -0.005737 0.021733 -0.104727
v -0.009745 0.007122 -0.113710
v -0.013286 -0.005616 -0.121664
v 0.031622 0.098112 -0.049305
v -0.005133 0.034985 -0.095358
v -0.004594 0.035015 -0.095646
v 0.002185 0.030629 -0.093258
v 0.002724 0.030659 -0.093547
v 0.001202 0.033263 -0.096122
v 0.000662 0.033232 -0.095834
v -0.002245 0.034413 -0.095975
v -0.001705 0.034443 -0.096263
v -0.007190 0.025406 -0.101247
v -0.001136 0.023308 -0.101275
v -0.001448 0.023290 -0.101108
v -0.007502 0.025389 -0.101081
v -0.002339 0.024765 -0.102620
v -0.002027 0.024783 -0.102787
v -0.004930 0.025381 -0.102229
v -0.004618 0.025399 -0.102396
v -0.005907 0.032175 -0.097164
v 0.001124 0.028311 -0.095551
v 0.000233 0.030696 -0.098144
v -0.000255 0.030668 -0.097883
v -0.003090 0.031726 -0.097903
v -0.002602 0.031754 -0.098164
v -0.005418 0.032203 -0.097425
v 0.001612 0.028338 -0.095812
vn -0.8655 0.4877 -0.1139
vn -0.8624 0.4991 -0.0842
vn 0.1057 -0.6528 0.7502
vn 0.0855 -0.6057 0.7911
vn 0.2776 0.3722 -0.8857
vn 0.3300 0.4288 -0.8410
vn 0.8817 -0.3282 -0.3389
vn 0.9201 -0.2567 -0.2958
vn -0.8478 0.5302 -0.0018
vn 0.1684 -0.6979 0.6961
vn 0.3405 0.3519 -0.8719
vn 0.8352 -0.2738 -0.4769
vn -0.8300 0.5573 0.0217
vn 0.1063 -0.6998 0.7064
vn 0.3524 0.5912 -0.7255
vn 0.9329 -0.2371 -0.2709
vn -0.8998 0.4299 -0.0747
vn 0.0370 -0.8417 0.5386
vn 0.4033 0.6859 -0.6057
vn 0.9730 -0.1449 -0.1796
vn -0.9219 0.3457 -0.1750
vn 0.0787 -0.8983 0.4322
vn 0.3687 0.7857 -0.4967
vn 0.9928 0.0424 -0.1120
vn -0.9040 0.1624 -0.3954
vn 0.2220 -0.8595 0.4604
vn 0.2669 0.8412 -0.4703
vn 0.9641 0.2642 -0.0257
vn -0.8361 0.0274 -0.5479
vn 0.3997 -0.7510 0.5256
vn 0.2984 0.8689 -0.3950
vn 0.5031 -0.6118 -0.6104
vn -0.8397 0.0296 -0.5423
vn 0.4502 -0.7288 0.5159
vn 0.2803 0.9012 -0.3305
vn -0.8925 -0.4051 0.1982
vn 0.7240 -0.1478 -0.6738
vn -0.8576 0.5065 -0.0893
vn 0.1167 -0.5889 0.7997
vn 0.3400 0.4904 -0.8024
vn 0.9472 -0.2030 -0.2480
vn -0.8588 0.5070 -0.0729
vn 0.1830 -0.5710 0.8003
vn 0.3760 0.5370 -0.7552
vn 0.9612 -0.0811 -0.2638
vn -0.8516 0.5208 -0.0593
vn 0.3178 -0.5484 0.7735
vn 0.3753 0.5901 -0.7148
vn 0.9579 0.1177 -0.2620
vn -0.8971 0.4378 -0.0595
vn 0.4451 -0.5294 0.7222
vn 0.4076 0.5115 -0.7565
vn -0.6424 0.3212 0.6958
vn -0.9131 0.3732 -0.1641
vn 0.4733 -0.5501 0.6880
vn 0.3353 0.4437 -0.8311
vn -0.8417 -0.0665 0.5358
vn -0.5996 0.7796 0.1811
vn 0.1563 -0.9859 0.0598
vn 0.4128 0.8367 -0.3598
vn -0.8276 -0.5425 0.1441
vn 0.8715 -0.1968 -0.4492
vn 0.3641 0.4743 -0.8016
vn 0.2042 -0.6600 0.7230
vn -0.7670 0.6389 0.0593
vn 0.6713 0.1694 -0.7216
vn -0.6370 -0.1637 0.7533
vn 0.6322 0.1563 -0.7589
vn -0.6713 -0.1694 0.7216
vn -0.5758 -0.2117 0.7897
vn 0.5738 0.2052 -0.7929
vn -0.6692 -0.2664 0.6937
vn 0.6719 0.2734 -0.6884
vn -0.7319 -0.4486 0.5129
vn 0.7313 0.4478 -0.5145
vn -0.7311 -0.5788 0.3612
vn 0.7308 0.5757 -0.3667
vn -0.6686 -0.7113 0.2167
vn 0.6700 0.7075 -0.2249
vn -0.5238 -0.8368 0.1593
vn 0.5263 0.8332 -0.1695
vn -0.4155 -0.8876 0.1986
vn 0.4176 0.8851 -0.2053
vn 0.6766 0.2137 -0.7047
vn -0.6746 -0.2080 0.7083
vn 0.6580 0.2754 -0.7009
vn -0.6537 -0.2638 0.7093
vn 0.5831 0.3543 -0.7311
vn -0.5782 -0.3373 0.7429
vn 0.4558 0.4022 -0.7940
vn -0.4494 -0.3920 0.8027
vn 0.4249 0.3931 -0.8155
vn -0.4241 -0.3916 0.8165
vn 0.4343 0.8945 0.1063
vn -0.1989 0.1360 0.9705
vn -0.5795 -0.1898 0.7925
vn 0.5850 0.1977 -0.7865
vn 0.3345 0.4261 -0.8406
vn -0.2666 -0.4676 0.8428
vn -0.1341 -0.5556 0.8206
vn -0.2528 -0.5829 0.7722
vn -0.3351 -0.7368 0.5873
vn -0.2898 -0.8431 0.4530
vn -0.1421 -0.8974 0.4177
vn 0.1150 -0.8713 0.4771
vn 0.3242 -0.7963 0.5106
vn 0.3038 0.4584 -0.8352
vn 0.2064 0.5099 -0.8351
vn -0.0374 0.5699 -0.8209
vn -0.3000 0.5685 -0.7660
vn -0.3795 0.5608 -0.7359
vn -0.4594 -0.0511 -0.8867
vn -0.1166 -0.5445 0.8306
vn 0.2639 0.4628 -0.8463
vn -0.3345 -0.4261 0.8406
vn 0.1333 0.5506 -0.8240
vn 0.2543 0.5878 -0.7680
vn 0.3347 0.7367 -0.5876
vn 0.2889 0.8419 -0.4559
vn 0.1403 0.8952 -0.4230
vn -0.1166 0.8687 -0.4814
vn -0.3244 0.7958 -0.5114
vn -0.3027 -0.4543 0.8378
vn -0.2038 -0.5022 0.8404
vn 0.0389 -0.5629 0.8256
vn 0.3023 -0.5657 0.7672
vn 0.3797 -0.5607 0.7359
vn 0.4545 0.1062 0.8844
vn 0.1193 0.5495 -0.8269
vn 0.9587 -0.0003 -0.2844
vn 0.2346 -0.5786 0.7811
vn 0.3759 0.5590 -0.7391
vn -0.8693 0.4887 -0.0738
vn -0.6293 -0.3090 0.7131
vn 0.6335 0.3207 -0.7041
vn 0.1094 0.5547 -0.8248
vn -0.1071 -0.5479 0.8297
vn 0.3886 -0.5132 0.7653
vn -0.8437 0.5363 -0.0230
vn 0.3997 0.6066 -0.6872
vn 0.8928 0.4343 -0.1191
vn 0.5337 0.3832 -0.7539
vn -0.5268 -0.3618 0.7691
vn -0.1666 0.5702 -0.8044
vn 0.1686 -0.5635 0.8087
vn 0.9521 0.0356 -0.3038
vn -0.6075 -0.3253 0.7246
vn 0.6117 0.3369 -0.7158
vn 0.0457 0.5712 -0.8196
vn -0.0436 -0.5651 0.8238
vn 0.2689 -0.5809 0.7683
vt 0.625000 0.500000
vt 0.625000 0.250000
vt 0.375000 0.750000
vt 0.625000 0.750000
vt 0.625000 1.000000
vt 0.375000 1.000000
vt 0.375000 0.125000
vt 0.625000 0.125000
vt 0.375000 0.250000
vt 0.375000 0.125000
vt 0.375000 0.687500
vt 0.625000 0.687500
vt 0.375000 0.500000
vt 0.625000 0.062500
vt 0.625000 0.000000
vt 0.625000 0.062500
vt 0.625000 0.625000
vt 0.625000 0.062500
vt 0.625000 0.625000
vt 0.625000 0.062500
vt 0.625000 0.062500
vt 0.625000 0.062500
vt 0.625000 0.625000
vt 0.375000 0.687500
vt 0.375000 0.687500
vt 0.375000 0.687500
vt 0.375000 0.125000
vt 0.375000 0.250000
vt 0.375000 0.500000
vt 0.375000 0.250000
vt 0.375000 0.500000
vt 0.375000 0.125000
vt 0.375000 0.125000
vt 0.375000 0.687500
vt 0.125000 0.687500
vt 0.125000 0.750000
vt 0.375000 0.125000
vt 0.625000 0.125000
vt 0.625000 0.687500
vt 0.625000 0.687500
vt 0.375000 0.062500
vt 0.125000 0.500000
vt 0.375000 0.625000
vt 0.125000 0.625000
vt 0.375000 0.062500
vt 0.375000 0.625000
vt 0.375000 0.062500
vt 0.375000 0.062500
vt 0.375000 0.625000
vt 0.625000 0.687500
vt 0.625000 0.125000
vt 0.625000 0.125000
vt 0.625000 0.125000
vt 0.375000 0.000000
vt 0.375000 0.000000
vt 0.625000 0.125000
vt 0.375000 0.062500
vt 0.375000 0.125000
vt 0.375000 1.000000
s 1
f 1033/712/1022 1037/713/1026 1043/713/1032 1041/712/1030
f 1036/714/1025 1035/715/1024 1039/716/1028 1040/717/1029
f 1098/718/1087 1100/719/1089 1037/713/1026 1038/720/1027
f 1098/718/1087 1038/720/1027 1072/720/1061 1116/721/1105
f 1147/722/1136 1131/723/1120 1035/715/1024 1036/714/1025
f 1038/720/1027 1037/713/1026 1033/712/1022 1034/724/1023
f 1161/725/1150 1094/726/1083 1048/726/1037 1149/727/1138
f 1039/716/1028 1035/715/1024 1042/715/1031 1044/716/1033
f 1146/727/1135 1039/726/1028 1044/726/1033 1148/727/1137
f 1099/728/1088 1033/712/1022 1041/712/1030 1102/728/1091
f 1149/727/1138 1048/726/1037 1052/726/1041 1150/727/1139
f 1094/716/1083 1096/715/1085 1046/715/1035 1048/716/1037
f 1097/712/1086 1095/713/1084 1047/713/1036 1045/712/1034
f 1128/728/1117 1097/712/1086 1045/712/1034 1104/728/1093
f 1049/712/1038 1051/713/1040 1055/713/1044 1053/712/1042
f 1048/716/1037 1046/715/1035 1050/715/1039 1052/716/1041
f 1045/712/1034 1047/713/1036 1051/713/1040 1049/712/1038
f 1104/728/1093 1045/712/1034 1049/712/1038 1106/728/1095
f 1151/727/1140 1056/726/1045 1060/726/1049 1152/729/1141
f 1106/728/1095 1049/712/1038 1053/712/1042 1108/730/1097
f 1150/727/1139 1052/726/1041 1056/726/1045 1151/727/1140
f 1052/716/1041 1050/715/1039 1054/715/1043 1056/716/1045
f 1152/729/1141 1060/726/1049 1064/726/1053 1153/731/1142
f 1056/716/1045 1054/715/1043 1058/715/1047 1060/716/1049
f 1053/712/1042 1055/713/1044 1059/713/1048 1057/712/1046
f 1108/730/1097 1053/712/1042 1057/712/1046 1110/728/1099
f 1061/712/1050 1063/713/1052 1067/713/1056 1065/712/1054
f 1060/716/1049 1058/715/1047 1062/715/1051 1064/716/1053
f 1057/712/1046 1059/713/1048 1063/713/1052 1061/712/1050
f 1110/728/1099 1057/712/1046 1061/712/1050 1112/730/1101
f 1154/732/1143 1068/726/1057 1069/733/1058
f 1112/730/1101 1061/712/1050 1065/712/1054 1114/734/1103
f 1153/731/1142 1064/726/1053 1068/726/1057 1154/732/1143
f 1064/716/1053 1062/715/1051 1066/715/1055 1068/716/1057
f 1068/716/1057 1066/715/1055 1069/716/1058
f 1065/712/1054 1067/713/1056 1069/712/1058
f 1114/734/1103 1065/712/1054 1069/728/1058
f 1155/735/1144 1071/714/1060 1075/714/1064 1156/736/1145
f 1147/722/1136 1036/714/1025 1071/714/1060 1155/735/1144
f 1038/720/1027 1034/724/1023 1070/724/1059 1072/720/1061
f 1036/714/1025 1040/717/1029 1073/717/1062 1071/714/1060
f 1184/714/1172 1178/717/1167 1081/717/1070 1079/714/1068
f 1072/720/1061 1070/724/1059 1074/724/1063 1076/720/1065
f 1071/714/1060 1073/717/1062 1077/717/1066 1075/714/1064
f 1116/721/1105 1072/720/1061 1076/720/1065 1118/721/1107
f 1177/737/1166 1170/714/1159 1083/714/1072 1158/735/1147
f 1181/738/1169 1179/739/1153 1080/720/1069 1120/721/1109
f 1183/722/1171 1184/714/1172 1079/714/1068 1157/735/1146
f 1179/739/1153 1185/740/1154 1078/724/1067 1080/720/1069
f 1158/735/1147 1083/714/1072 1087/714/1076 1159/735/1148
f 1172/741/1161 1171/742/1160 1082/724/1071 1084/720/1073
f 1170/714/1159 1173/717/1162 1085/717/1074 1083/714/1072
f 1174/743/1163 1172/741/1161 1084/720/1073 1122/744/1111
f 1159/735/1148 1087/714/1076 1091/714/1080 1160/745/1149
f 1084/720/1073 1082/724/1071 1086/724/1075 1088/720/1077
f 1083/714/1072 1085/717/1074 1089/717/1078 1087/714/1076
f 1122/744/1111 1084/720/1073 1088/720/1077 1124/743/1113
f 1144/746/1133 1160/745/1149 1091/714/1080 1093/747/1082
f 1088/720/1077 1086/724/1075 1090/724/1079 1092/720/1081
f 1087/714/1076 1089/717/1078 1093/717/1082 1091/714/1080
f 1124/743/1113 1088/720/1077 1092/720/1081 1126/748/1115
f 1102/728/1091 1041/712/1030 1097/712/1086 1128/728/1117
f 1041/712/1030 1043/713/1032 1095/713/1084 1097/712/1086
f 1044/716/1033 1042/715/1031 1096/715/1085 1094/716/1083
f 1148/727/1137 1044/726/1033 1094/726/1083 1161/725/1150
f 1043/713/1032 1103/719/1092 1129/749/1118 1095/713/1084
f 1132/750/1121 1102/728/1091 1128/728/1117 1145/751/1134
f 1143/752/1132 1124/743/1113 1126/748/1115 1144/752/1133
f 1092/753/1081 1090/724/1079 1127/754/1116 1126/755/1115
f 1142/752/1131 1122/744/1111 1124/743/1113 1143/752/1132
f 1086/724/1075 1125/754/1114 1127/754/1116 1090/724/1079
f 1176/756/1165 1174/743/1163 1122/744/1111 1142/752/1131
f 1082/724/1071 1123/757/1112 1125/754/1114 1086/724/1075
f 1185/740/1154 1180/757/1168 1121/754/1110 1078/724/1067
f 1182/758/1170 1181/738/1169 1120/721/1109 1141/759/1130
f 1171/742/1160 1175/760/1164 1123/757/1112 1082/724/1071
f 1139/758/1128 1116/721/1105 1118/721/1107 1140/758/1129
f 1034/724/1023 1101/760/1090 1117/757/1106 1070/724/1059
f 1070/724/1059 1117/757/1106 1119/757/1108 1074/724/1063
f 1138/761/1127 1114/734/1103 1069/723/1058
f 1063/713/1052 1113/762/1102 1115/719/1104 1067/713/1056
f 1137/723/1126 1112/730/1101 1114/734/1103 1138/761/1127
f 1067/713/1056 1115/719/1104 1069/713/1058
f 1136/761/1125 1110/728/1099 1112/730/1101 1137/723/1126
f 1135/723/1124 1108/730/1097 1110/728/1099 1136/761/1125
f 1059/713/1048 1111/763/1100 1113/762/1102 1063/713/1052
f 1051/713/1040 1107/719/1096 1109/764/1098 1055/713/1044
f 1134/723/1123 1106/728/1095 1108/730/1097 1135/723/1124
f 1055/713/1044 1109/764/1098 1111/763/1100 1059/713/1048
f 1133/723/1122 1104/728/1093 1106/728/1095 1134/723/1123
f 1145/751/1134 1128/728/1117 1104/728/1093 1133/723/1122
f 1047/713/1036 1105/719/1094 1107/719/1096 1051/713/1040
f 1131/723/1120 1099/728/1088 1102/728/1091 1132/750/1121
f 1037/713/1026 1100/719/1089 1103/719/1092 1043/713/1032
f 1095/713/1084 1129/749/1118 1105/719/1094 1047/713/1036
f 1034/724/1023 1033/712/1022 1099/728/1088 1101/760/1090
f 1130/758/1119 1098/718/1087 1116/721/1105 1139/758/1128
f 1130/758/1119 1146/727/1135 1100/719/1089 1098/718/1087
f 1040/765/1029 1039/726/1028 1146/727/1135 1130/758/1119
f 1040/765/1029 1130/758/1119 1139/758/1128 1073/765/1062
f 1035/715/1024 1131/723/1120 1132/750/1121 1042/715/1031
f 1096/715/1085 1145/751/1134 1133/723/1122 1046/715/1035
f 1046/715/1035 1133/723/1122 1134/723/1123 1050/715/1039
f 1050/715/1039 1134/723/1123 1135/723/1124 1054/715/1043
f 1054/715/1043 1135/723/1124 1136/761/1125 1058/715/1047
f 1058/715/1047 1136/761/1125 1137/723/1126 1062/715/1051
f 1062/715/1051 1137/723/1126 1138/761/1127 1066/715/1055
f 1066/715/1055 1138/761/1127 1069/715/1058
f 1073/765/1062 1139/758/1128 1140/758/1129 1077/765/1066
f 1178/766/1167 1182/758/1170 1141/759/1130 1081/765/1070
f 1173/765/1162 1176/756/1165 1142/752/1131 1085/765/1074
f 1085/765/1074 1142/752/1131 1143/752/1132 1089/765/1078
f 1089/765/1078 1143/752/1132 1144/752/1133 1093/765/1082
f 1042/715/1031 1132/750/1121 1145/751/1134 1096/715/1085
f 1103/719/1092 1148/727/1137 1161/725/1150 1129/749/1118
f 1126/755/1115 1127/754/1116 1160/745/1149 1144/746/1133
f 1125/754/1114 1159/735/1148 1160/745/1149 1127/754/1116
f 1123/757/1112 1158/735/1147 1159/735/1148 1125/754/1114
f 1180/757/1168 1183/722/1171 1157/735/1146 1121/754/1110
f 1175/760/1164 1177/737/1166 1158/735/1147 1123/757/1112
f 1101/760/1090 1147/722/1136 1155/735/1144 1117/757/1106
f 1117/757/1106 1155/735/1144 1156/736/1145 1119/757/1108
f 1113/762/1102 1153/731/1142 1154/732/1143 1115/719/1104
f 1115/719/1104 1154/732/1143 1069/767/1058
f 1111/763/1100 1152/729/1141 1153/731/1142 1113/762/1102
f 1107/719/1096 1150/727/1139 1151/727/1140 1109/764/1098
f 1109/764/1098 1151/727/1140 1152/729/1141 1111/763/1100
f 1105/719/1094 1149/727/1138 1150/727/1139 1107/719/1096
f 1100/719/1089 1146/727/1135 1148/727/1137 1103/719/1092
f 1129/749/1118 1161/725/1150 1149/727/1138 1105/719/1094
f 1101/760/1090 1099/728/1088 1131/723/1120 1147/722/1136
f 1119/757/1108 1156/736/1145 1169/735/1158 1166/754/1155
f 1077/765/1066 1140/758/1129 1168/768/1157 1162/766/1151
f 1140/758/1129 1118/721/1107 1167/769/1156 1168/768/1157
f 1074/724/1063 1119/757/1108 1166/754/1155 1165/740/1154
f 1076/720/1065 1074/724/1063 1165/740/1154 1164/739/1153
f 1156/736/1145 1075/714/1064 1163/714/1152 1169/735/1158
f 1118/721/1107 1076/720/1065 1164/739/1153 1167/769/1156
f 1075/714/1064 1077/717/1066 1162/770/1151 1163/714/1152
f 1121/754/1110 1157/735/1146 1177/737/1166 1175/760/1164
f 1081/765/1070 1141/759/1130 1176/756/1165 1173/765/1162
f 1078/724/1067 1121/754/1110 1175/760/1164 1171/742/1160
f 1141/759/1130 1120/721/1109 1174/743/1163 1176/756/1165
f 1120/721/1109 1080/720/1069 1172/741/1161 1174/743/1163
f 1079/714/1068 1081/717/1070 1173/717/1162 1170/714/1159
f 1080/720/1069 1078/724/1067 1171/742/1160 1172/741/1161
f 1157/735/1146 1079/714/1068 1170/714/1159 1177/737/1166
f 1166/754/1155 1169/735/1158 1183/722/1171 1180/757/1168
f 1162/766/1151 1168/768/1157 1182/758/1170 1178/766/1167
f 1168/768/1157 1167/769/1156 1181/738/1169 1182/758/1170
f 1165/740/1154 1166/754/1155 1180/757/1168 1185/740/1154
f 1164/739/1153 1165/740/1154 1185/740/1154 1179/739/1153
f 1169/735/1158 1163/714/1152 1184/714/1172 1183/722/1171
f 1167/769/1156 1164/739/1153 1179/739/1153 1181/738/1169
f 1163/714/1152 1162/770/1151 1178/717/1167 1184/714/1172
